nom,adresse,zone,tel,chaine,types,note,avis,web,lat,lng
2SIA,"23 Rue François Guhur, 56400 Auray, France",Auray,02 97 29 19 42,non,"consultant,electronics_store,store",4.9,10,http://www.2sia.fr/,47.6704456,-2.9778237
AU PETIT PRINCE - AURAY,"68 Pl. de la République 72, 56400 Auray, France",Auray,02 97 58 82 70,non,"chocolate_shop,candy_store,pastry_shop",4.1,389,http://www.aupetitprince.fr/,47.6668327,-2.9845764
Agence Gauter J et Cie SA,"54 Pl. de la République, 56400 Auray, France",Auray,02 97 24 11 62,non,"real_estate_agency,point_of_interest,service",4.1,151,http://www.agence-gauter.com/,47.667029,-2.984258
Agence Nestenn Immobilier Auray,"23 Av. Wilson, 56400 Auray, France",Auray,02 97 59 33 33,non,"real_estate_agency,point_of_interest,service",4.5,259,https://immobilier-auray.nestenn.com/,47.666984899999996,-2.981567
Ailleurs Café - Café Librairie,"28 Rue du Château, 56400 Auray, France",Auray,02 97 58 04 74,non,"coffee_shop,cafe,book_store",4.9,179,https://www.instagram.com/ailleurscafe/,47.666331199999995,-2.9810882
All'Océan - Vêtements marins - Auray,"24 Pl. de la République, 56400 Auray, France",Auray,09 56 65 25 39,non,"clothing_store,store,point_of_interest",5,65,https://www.all-ocean.com/fr/,47.66659,-2.9833442999999997
Ar. D'ēco,"56400 Auray, France",Auray,,non,"furniture_store,home_improvement_store,home_goods_store",,,,47.666576799999994,-2.9869748
Arnaud Lamour - Conseiller immobilier SAFTI - Auray,"100 Pl. de la République, 56400 Auray, France",Auray,06 35 35 79 83,non,"consultant,finance,point_of_interest",5,35,https://www.safti.fr/votre-conseiller-safti/arnaud-lamour/232637,47.66649160000001,-2.9838386999999997
Arthur Colley Immobilier,"Rue des Fèves, 56400 Auray, France",Auray,06 98 82 17 50,non,"real_estate_agency,point_of_interest,service",,,http://arthurcolley.fr/demande,47.666623099999995,-2.9845842
Arts Ménagers du Belzic,"5 Rue du Belzic, 56400 Auray, France",Auray,02 97 24 28 72,non,"gift_shop,furniture_store,home_improvement_store",4.6,34,http://artsmenagersdubelzic.com/,47.666077,-2.9846304
Atelier boutique Ty Kador,"1 Rue Lionel Huette, 56400 Auray, France",Auray,06 95 64 04 28,non,"gift_shop,furniture_store,home_improvement_store",5,2,,47.6671264,-2.9829558
Au Pavillon,"3 Pl. de la République, 56400 Auray, France",Auray,02 97 24 04 81,non,"brewery,brunch_restaurant,bar",4.5,382,https://aupavillonauray.com/,47.666420099999996,-2.9824444
Audioprothésiste Audio 2000 Auray,"24 Av. du Président John Fitzgerald Kennedy, 56400 Auray, France",Auray,02 97 29 16 55,non,"doctor,electronics_store,store",5,51,https://www.audioprothesiste-auray.fr/,47.6706748,-2.9856477999999997
Auray Cuisines - Cusiniste Auray,"18 Rue du Belzic, 56400 Auray, France",Auray,09 87 34 28 14,non,"furniture_store,home_improvement_store,home_goods_store",5,7,https://auraycuisines.fr/,47.666114,-2.9848993
Aurélien Méru SAFTI,"Place de l'hôtel de ville, 56400 Auray, France",Auray,06 87 46 83 50,non,"consultant,point_of_interest,real_estate_agency",,,https://www.safti.fr/votre-conseiller-safti/aurelien-meru,47.666430999999996,-2.9833461
BOUYGUES TELECOM AURAY,"7 Pl. de la République, 56400 Auray, France",Auray,09 86 01 05 41,non,"telecommunications_service_provider,electronics_store,cell_phone_store",4.9,638,https://boutiques.bouyguestelecom.fr/bouyguestelecom/fr/shop/france/bretagne/morbihan/auray/auray/4990040?utm_source=GMB&utm_campaign=Multidiffusion&utm_medium=local&utm_content=4990040&origin=GMB,47.6662785,-2.9827646
Bar /Tabac Le Wilson,"5 Av. Wilson, 56400 Auray, France",Auray,02 97 24 36 47,non,"bar,point_of_interest,establishment",4.4,51,,47.6665444,-2.9824789
Bazoom BD-Musique,"6 Rue du Belzic, 56400 Auray, France",Auray,02 90 98 22 36,non,"book_store,store,point_of_interest",4.8,63,https://www.facebook.com/bazoom.bdmusique,47.666248599999996,-2.9844774
Benellina,"Place Notre Dame, 56400 Auray, France",Auray,06 22 59 28 03,non,"sandwich_shop,catering_service,meal_takeaway",,,,47.666451699999996,-2.9838152
Bijouterie Guérineau,"31 Rue Jean Marie Barre, 56400 Auray, France",Auray,02 97 24 13 42,non,"jewelry_store,store,point_of_interest",4.1,65,https://www.bijouterie-guerineau-auray.fr/,47.6675506,-2.9851102000000003
Bonobo,"62 Pl. de la République, 56400 Auray, France",Auray,02 97 56 35 79,non,"clothing_store,womens_clothing_store,shoe_store",4.6,128,https://www.bonoboplanet.com/?at_campaign=magasin&at_medium=gmb,47.66675000000001,-2.98385
Brocante La malle de louise,"3 Rue Philippe Vannier, 56400 Auray, France",Auray,07 60 04 77 75,non,"furniture_store,clothing_store,home_improvement_store",4.9,19,https://www.flgdecoration.com/la-malle-de-louise,47.666843899999996,-2.9822401
Bréal,"44 Pl. de la République, 56400 Auray, France",Auray,02 30 17 00 30,non,"clothing_store,store,point_of_interest",4.7,105,https://www.breal.net/?at_campaign=magasin&at_medium=gmb,47.6668496,-2.9838997
CIC,"20 Pl. de la République, 56400 Auray, France",Auray,02 97 35 00 03,non,"bank,insurance_agency,telecommunications_service_provider",4.3,41,https://www.cic.fr/fr/agence/bretagne/morbihan/30047-14039-00?y_source=1_MTQxNjE3MjktNzE1LWxvY2F0aW9uLndlYnNpdGU%3D,47.666655299999995,-2.9832636
Calèche,"27 Rue Jean Marie Barre, 56400 Auray, France",Auray,02 97 29 00 15,non,"clothing_store,store,point_of_interest",4.7,25,,47.667504799999996,-2.9850043
Cartron - L'émotion gourmande,"40 Pl. de la République, 56400 Auray, France",Auray,02 97 24 02 97,non,"pastry_shop,bakery,dessert_shop",4,116,https://www.cartron-gourmandises.com/,47.666749599999996,-2.9838155
Chaussures Bellouard,"2 Rue Jean Marie Barre, 56400 Auray, France",Auray,02 97 52 00 51,non,"shoe_store,store,point_of_interest",4,6,,47.667056800000005,-2.9844342
Chez Clem bar à huîtres,"Les Halles, Pl. de la République, 56400 Auray, France",Auray,06 60 97 13 33,non,"fast_food_restaurant,restaurant,food",5,25,,47.6664368,-2.9838582
Coline,"14 Pl. de la République, 56400 Auray, France",Auray,,non,"clothing_store,store,point_of_interest",5,3,,47.666534399999996,-2.9830638
Crédit Maritime Grand Ouest,"47 Pl. de la République, 56400 Auray, France",Auray,02 72 96 03 40,non,"bank,finance,point_of_interest",,,https://www.banquepopulaire.fr/cmgo/,47.666400599999996,-2.9842218999999996
Cœur de Fleurs,"7 Av. Maréchal Foch, 56400 Auray, France",Auray,02 97 56 20 62,non,"florist,store,point_of_interest",4.2,82,https://www.facebook.com/Rapidflore-Auray-385221218353934,47.6677927,-2.98763
D.K Men Corp.,"12 Rue Jean Marie Barre, 56400 Auray, France",Auray,09 83 59 31 64,non,"clothing_store,store,point_of_interest",5,43,https://www.facebook.com/dkmencorp,47.6672259,-2.9847656
Decultot Sandrine,"100 Pl. de la République, 56400 Auray, France",Auray,,non,"point_of_interest,real_estate_agency,service",3,2,,47.666437599999995,-2.9838906
Eden Tour - Auray,"19 Rue Jean Marie Barre, 56400 Auray, France",Auray,02 97 24 28 00,non,"tour_agency,travel_agency,point_of_interest",4.8,33,https://agence.edentour.com/28-eden-tour-auray?utm_source=gmb,47.6674185,-2.9848808
Emmaüs Sacré Dressing ! - Retritex,"39 Rue de Keriolet, 56400 Auray, France",Auray,02 97 29 63 69,non,"thrift_store,discount_store,clothing_store",4.2,366,https://www.emmaus-sacredressing.fr/,47.667231699999995,-2.9838234
FRAM,"22 Rue Jean Marie Barre, 56400 Auray, France",Auray,02 97 24 28 28,non,"travel_agency,point_of_interest,service",,,https://www.fram.fr/agence-de-voyage/agence-ambassade-fram-auray-56400/agence-nationaltours-agence/,47.667376999999995,-2.985035
Franck Provost - Coiffeur Auray,"30 Pl. de la République, 56400 Auray, France",Auray,02 97 56 32 16,non,"hair_salon,beauty_salon,cosmetics_store",4.1,131,https://www.franckprovost.com/salons/30-place-de-la-republique-56400-auray?utm_campaign=gbp_siteweb_P0871&utm_id=gbp_siteweb&utm_medium=siteweb&utm_source=gbp,47.666623099999995,-2.9835678999999997
French Coffee Shop,"6 Pl. de la République, 56400 Auray, France",Auray,02 97 29 68 69,non,"cafe,coffee_shop,fast_food_restaurant",4.7,522,https://frenchcoffeeshop.com/shop/auray,47.666586099999996,-2.9827475
Geffroy Yves,"14 Rue Jean Marie Barre, 56400 Auray, France",Auray,02 97 24 00 37,non,"pharmacy,store,health",,,,47.6672423,-2.9847869
Home Confort,"43 Pl. de la République, 56400 Auray, France",Auray,02 97 24 09 28,non,"gift_shop,furniture_store,home_improvement_store",4.7,10,http://www.homeconfort-auray.com/,47.666177,-2.9841653999999997
Iles Terres Et Mers,"23 23 Av. Wilson, 56400 Auray, France",Auray,02 97 59 33 34,non,"real_estate_agency,point_of_interest,service",,,,47.667017699999995,-2.9816323
KOOKAI AURAY,"38 Pl. de la République, 56400 Auray, France",Auray,02 50 86 99 39,non,"womens_clothing_store,clothing_store,store",,,,47.6667419,-2.9836253999999998
Kerhir Antiquités,"13 Rue du Petit Port, 56400 Auray, France",Auray,02 97 29 17 13,non,"furniture_store,home_improvement_store,home_goods_store",4.9,7,http://web.facebook.com/Antiquites-Kerhir-322608181101278/?utm_source=gmb,47.6654726,-2.9785538
Kraquante,"30 Pl. de la République, 56400 Auray, France",Auray,02 56 54 39 39,non,"pastry_shop,bakery,dessert_shop",4.9,236,https://www.facebook.com/profile.php?id=61560740939882,47.666750099999994,-2.9837446
L ATELIER DE MICHEL,"48 Av. Maréchal Foch, 56400 Auray, France",Auray,02 97 58 34 18,non,"furniture_store,home_improvement_store,home_goods_store",,,https://www.instagram.com/atelier.michel/,47.668937799999995,-2.9880069
L'Lui Coiffure,"25 Av. Wilson, 56400 Auray, France",Auray,02 97 24 11 88,non,"beauty_salon,hair_salon,hair_care",4.8,57,,47.6671085,-2.9815036999999998
LA TAPISSIÈRE DU LOCH,"19 Rue du Petit Loch, 56400 Auray, France",Auray,06 72 44 92 24,non,"furniture_store,home_improvement_store,home_goods_store",5,6,,47.6629797,-2.9832316
La Banque Postale,"31 Av. Wilson, 56400 Auray, France",Auray,,non,"bank,atm,insurance_agency",2.4,12,https://www.labanquepostale.fr/particulier/localisation_bureau/resultat_localisation_bureau.detail.html/auray-wilson-560070.html,47.66744500000001,-2.9811056
La Fromentine,"10 Rue du Château, 56400 Auray, France",Auray,02 97 29 18 29,non,"french_restaurant,bar,restaurant",4.5,614,,47.666318399999994,-2.9820625
La Mie Câline,"12 Pl. de la République, 56400 Auray, France",Auray,02 97 56 48 18,non,"fast_food_restaurant,sandwich_shop,breakfast_restaurant",3.5,207,https://www.lamiecaline.com/boutiques/auray/?utm_source=google&utm_medium=organic&utm_campaign=mybusiness-website,47.6665449,-2.9829586999999997
La Quincaillerie du Belzic,"21 Rue du Belzic, 56400 Auray, France",Auray,02 97 24 00 31,non,"hardware_store,building_materials_store,home_goods_store",4.6,282,https://www.maquincaillerie.com/,47.665821900000005,-2.9847428999999996
Le Bruit des Vagues,"60 Pl. de la République, 56400 Auray, France",Auray,09 52 80 49 66,non,"clothing_store,store,point_of_interest",4.1,14,https://www.facebook.com/bruitdesvagues,47.666927,-2.9844329999999997
Le Livre Penseur,"36 Rue Georges Clemenceau, 56400 Auray, France",Auray,02 97 50 73 14,non,"book_store,furniture_store,home_improvement_store",4.6,35,http://lelivrepenseur.fr/,47.6691529,-2.9866506
Le Roux Rozenn,"5 Rue Jean Bernard, 56400 Auray, France",Auray,09 81 74 31 14,non,"furniture_store,home_improvement_store,home_goods_store",4.5,4,,47.6660074,-2.9869774
Le Salon,"9 Av. Wilson, 56400 Auray, France",Auray,02 97 56 32 71,non,"hair_salon,hair_care,point_of_interest",4.3,111,https://www.facebook.com/LeSalon56/,47.666753899999996,-2.9821884000000005
Les Mystères De Merlin,"7 Rue du Lait, 56400 Auray, France",Auray,06 64 68 79 42,non,"book_store,store,point_of_interest",4.2,92,,47.6666865,-2.9845492
Libraire Voyages & Co - Henri Bruneau bouquiniste,"1 Rue Philippe Vannier, 56400 Auray, France",Auray,02 97 58 26 08,non,"book_store,store,point_of_interest",5,3,http://stores.ebay.fr/Librairie-Voyages-and-Co?_trksid=p2047675.l2563,47.6667651,-2.9823098999999997
Librairie Auréole,"16 Rue du Lait, 56400 Auray, France",Auray,02 97 29 16 75,non,"book_store,store,point_of_interest",4.6,70,https://boutique.librairieaureole.fr/,47.6667773,-2.9851281999999997
Librairie Vent De Soleil,"17 Rue du Château, 56400 Auray, France",Auray,02 97 56 69 11,non,"book_store,store,point_of_interest",4.8,84,https://www.librairieventdesoleil.fr/,47.6664428,-2.981727
MBA Mutuelle - Mutuelle à Auray,"32 Pl. de la République, 56400 Auray, France",Auray,02 99 29 66 00,non,"insurance_agency,health,point_of_interest",4.7,49,https://www.mbamutuelle.com/agences/agence-auray/,47.6667196,-2.9835072
MONOPRIX,"11 Av. Maréchal Foch, 56400 Auray, France",Auray,02 97 24 05 26,non,"supermarket,department_store,hypermarket",3.5,244,https://www.monoprix.fr/909.html,47.668186399999996,-2.9880351
MSA des Portes de Bretagne,"11 Av. Wilson, 56400 Auray, France",Auray,02 97 50 71 37,non,"insurance_agency,health,point_of_interest",5,1,https://portesdebretagne.msa.fr/,47.6667519,-2.9820409999999997
Madel - Traiteur Végétarien,"100 Pl. de la République, 56400 Auray, France",Auray,07 60 45 08 98,non,"fast_food_restaurant,vegetarian_restaurant,restaurant",5,50,https://www.instagram.com/madel_traiteur?igsh=MWV3NXd3N3JkbHN1Zg%3D%3D&utm_source=qr,47.66649160000001,-2.9838386999999997
Maison Gabrielle,"26 Rue Georges Clemenceau, 56400 Auray, France",Auray,02 97 55 93 81,non,"furniture_store,home_improvement_store,home_goods_store",4.6,21,https://linktr.ee/maisongabrielleauray,47.6688076,-2.9864243999999998
Maison de la Presse,"5 Pl. de la République, 56400 Auray, France",Auray,02 97 24 11 52,non,"book_store,store,service",3.6,23,https://www.maisondelapresse.com/magasin/MaisondelaPresse-56400-auray.html,47.666319699999995,-2.9825247
Monceau Assurances - Cabinet Antoine Duran,"16 Av. Wilson, 56400 Auray, France",Auray,02 97 52 10 68,non,"insurance_agency,point_of_interest,service",3,2,https://www.duran-assurances.com/,47.666762999999996,-2.981678
Morel - Cuisines et Aménagements - Auray,"30 Rue Louis Billet Centre Ville, 56400 Auray, France",Auray,02 56 54 10 48,non,"general_contractor,furniture_store,home_improvement_store",4.9,100,https://www.cuisines-morel.com/point_de_vente/magasin-auray/,47.6671743,-2.9906896
Mousqueton,"1 Rue du Château, 56400 Auray, France",Auray,02 97 31 14 74,non,"clothing_store,store,point_of_interest",4.4,124,https://mousqueton.eu/,47.6666744,-2.982398
Mutuelle de Poitiers Assurances - Ingrid LOISEAU,"7 Av. Wilson, 56400 Auray, France",Auray,02 97 29 40 12,non,"insurance_agency,health,point_of_interest",4.9,8,https://agence.assurance-mutuelle-poitiers.fr/agence-auray,47.6666588,-2.9824045999999997
Ncsf,"10 Rue Jean Marie Barre, 56400 Auray, France",Auray,,non,"fast_food_restaurant,restaurant,food",5,1,,47.6672004,-2.9846915
O FIL DE L'HISTOIRE,"1 Rue du Père Éternel, 56400 Auray, France",Auray,06 37 57 02 51,non,"tailor,furniture_store,home_improvement_store",5,1,https://www.ofildelhistoire.com/,47.6662646,-2.9823171
Olivier debouchage,"14 Rue du Drezen, 56400 Auray, France",Auray,02 90 38 00 56,non,"hardware_store,building_materials_store,store",,,,47.669981,-2.9847424
O’BARBER BY OSMAN KOCA,"21 Av. Wilson, 56400 Auray, France",Auray,07 59 68 56 84,non,"barber_shop,hair_salon,hair_care",4.9,43,https://www.instagram.com/o.barber.56?igsh=ZjIzNWs5eDI2OWwy,47.666961199999996,-2.9817240999999997
Pharmacie D'alre,"20 Rue Jean Marie Barre, 56400 Auray, France",Auray,02 97 24 00 37,non,"pharmacy,store,health",4,6,,47.6673597,-2.9850016999999998
Pharmacie d'Arvor,"24 Av. du Président John Fitzgerald Kennedy, 56400 Auray, France",Auray,02 97 56 32 98,non,"pharmacy,consultant,store",4.3,106,https://pharmacie-darvor.giropharm.fr/,47.670642099999995,-2.9858862999999998
Pharmacie des Halles Anton&Willem - Herboristerie,"48 Pl. de la République, 56400 Auray, France",Auray,02 97 24 03 43,non,"pharmacy,drugstore,consultant",4.4,45,http://www.anton-et-willem.fr/,47.666877,-2.9840047999999997
Photomaton,"MONOPRIX, 11 Av. Maréchal Foch, 56400 Auray, France",Auray,09 70 82 32 46,non,"home_goods_store,electronics_store,store",1,1,https://www.photomaton.com/fr-fr/trouver-un-photomaton/l/auray/11-avenue-marechal-foch/56400010,47.668319,-2.9878329999999997
Pokou Breizh crêperie Auray,"58 Pl. de la République, 56400 Auray, France",Auray,07 62 56 62 05,non,"dessert_shop,confectionery,food_store",5,73,https://pokoubreizhcreperie.fr/,47.6664913,-2.9840524
Pompes Funèbres Roc Eclerc Auray,"21 Rue du Drezen, 56400 Auray, France",Auray,02 19 29 05 34,non,"funeral_home,cemetery,florist",4.9,95,https://roc-eclerc.com/nos-agences/morbihan/auray/pompes-funebres-roc-eclerc-auray-fun_fra056_014?utm_campaign=GMB&utm_content=FUN_FRA056_014&utm_medium=organic-local&utm_source=google,47.67075,-2.985038
Preti & co restaurant Auray,"6 Rue du Château, 56400 Auray, France",Auray,02 97 14 03 37,non,"restaurant,food,point_of_interest",3.6,10,,47.6663271,-2.9821497999999997
Restaurant Kabuki,"32 Rue Jean Marie Barre, 56400 Auray, France",Auray,02 97 59 39 92,non,"sushi_restaurant,japanese_restaurant,restaurant",4.6,313,http://www.kabuki-le-resto-du-sushi.fr/,47.667563799999996,-2.9854179999999997
Retritex,"39 Rue de Keriolet, 56400 Auray, France",Auray,09 64 23 00 75,non,"clothing_store,store,point_of_interest",5,1,https://retritex.fr/,47.6671762,-2.983949
RougeGorge Lingerie,"62 Pl. de la République 0 0 0, 56400 Auray, France",Auray,02 97 59 39 62,non,"womens_clothing_store,clothing_store,store",4.7,57,https://www.rougegorge.com/,47.6668843,-2.9844144999999997
SAPA - Restaurant Asian Food à Auray,"10 Rue Jean Marie Barre, 56400 Auray, France",Auray,02 97 31 88 46,non,"restaurant,asian_restaurant,fast_food_restaurant",4.9,234,https://www.sapa.bzh/,47.6671738,-2.9848151
SPAR,"11 Rue Jean Marie Barre, 56400 Auray, France",Auray,02 59 16 21 21,non,"convenience_store,bakery,market",3.1,39,https://spar.casino.fr/fr/stores/tz851,47.6673207,-2.9845978
Salaün Holidays Auray,"22 Rue Jean Marie Barre, 56400 Auray, France",Auray,02 97 24 28 28,non,"travel_agency,transportation_service,tour_agency",4.3,21,https://agences.salaun-holidays.com/fr/bretagne/morbihan/auray/salaun-holidays-auray-8,47.6675128,-2.9850334
Sn Agences,"22 Pl. Gabriel Deshayes, 56400 Auray, France",Auray,,non,"travel_agency,point_of_interest,service",,,,47.667518,-2.9850371000000004
Stéphane Brassart Collections - Auray,"14 Rue du Belzic, 56400 Auray, France",Auray,02 97 14 03 71,non,"gift_shop,florist,store",5,2,https://www.instagram.com/stephanebrassartfleuriste/,47.666179299999996,-2.9847878
Stéphane Brassart Fleuriste - Auray,"19 Rue du Belzic, 56400 Auray, France",Auray,02 97 14 03 71,non,"florist,gift_shop,store",4.8,73,,47.6660215,-2.9849474
Sébastien LEHEBEL e-mobilier.fr,"7 Pl. de la République, 56400 Auray, France",Auray,06 32 50 77 71,non,"real_estate_agency,point_of_interest,service",,,,47.666306999999996,-2.982745
Tinell,"17 Rue Jean Marie Barre, 56400 Auray, France",Auray,02 97 52 03 72,non,"restaurant,food,point_of_interest",4.8,170,http://tinell-restaurant-auray.eatbu.com/,47.6674436,-2.9847688
VOLUMES ET COULEURS,"5 Rue du Père Éternel, 56400 Auray, France",Auray,02 97 56 26 95,non,"furniture_store,home_improvement_store,home_goods_store",3.7,19,https://www.volumesetcouleurs.com/,47.666152399999994,-2.9821733
chez le geuch,"45 Rue Jean Marie Barre, 56400 Auray, France",Auray,,non,"asian_restaurant,restaurant,food",,,,47.667899,-2.985306
maison Marie de Biasio,"1 Pl. aux Roues, 56400 Auray, France",Auray,06 78 06 19 24,non,"furniture_store,home_improvement_store,home_goods_store",,,,47.6655248,-2.9853932
AXA Prévoyance & Patrimoine Margaux Edy,"16 All. des Acacias, 56850 Caudan, France",Caudan,07 65 62 13 49,non,"insurance_agency,point_of_interest,service",5,4,https://agence.axa.fr/distributeur/0004603204?utm_campaign=Multidiffusion&utm_content=0004603204&utm_medium=local&utm_source=GMB,47.81064,-3.3441099999999997
Abeille Assurances - Caudan,"41 Rue Salvador Dali, 56850 Caudan, France",Caudan,02 97 84 08 56,non,"insurance_agency,consultant,finance",4.9,53,https://agences.abeille-assurances.fr/lorient-caudan/,47.7836508,-3.3525456000000005
Agence Groupama Caudan,"22 Rue du Muguet, 56850 Caudan, France",Caudan,02 97 05 56 70,non,"insurance_agency,bank,finance",5,10,https://agences.groupama.fr/assurance/loire-bretagne/agence-groupama-caudan-idLBR58036?lm=fiche-etablissement-google_lbr_caudan_page,47.808640499999996,-3.3406902
Aramisauto Lorient,"180 Rue Nicolas Coatanlem, 56850 Caudan, France",Caudan,02 52 37 78 20,non,"car_dealer,point_of_interest,store",4.8,242,https://agences.aramisauto.com/aramisauto/fr/agency/france/bretagne/morbihan/caudan/lorient/lor56?utm_campaign=LOR56&utm_medium=cta-web&utm_source=GMB,47.7877496,-3.3343441
Atmosp Hair Coiffure,"3 Rue Jean Moulin, 56850 Caudan, France",Caudan,02 97 05 58 59,non,"hair_salon,hair_care,point_of_interest",4.8,66,,47.81403350000001,-3.3437326
BAR DU COIN,"6 place louis le leannec, 56850 Caudan, France",Caudan,02 97 05 55 09,non,"bar,point_of_interest,establishment",,,https://facebook.com/barducoin.caudan,47.8100812,-3.3402916
BIIM - Bicheray Immobilier,"216 Rue Jean Baptiste Martenot, 56600 Caudan, France",Caudan,02 97 57 64 34,non,"real_estate_agency,point_of_interest,service",,,http://www.bicheray-immobilier.fr/,47.7861176,-3.3408682
BREIZH PODO Caudan,"Chez Orthopédie LAGARRIGUE, 375 Rue Jean Baptiste Martenot, 56850 Caudan, France",Caudan,02 98 10 23 35,non,"shoe_store,doctor,store",1,1,http://www.breizhpodo.bzh/,47.7848345,-3.3417086
BRUNET SNERE,"ZA Kergouaran, 133 Rue Raymond Poincaré, 56850 Caudan, France",Caudan,02 97 76 69 43,non,"electrician,electronics_store,general_contractor",3.9,15,https://ortec-group.com/agences/brunet-snere-lorient/?utm_source=gmb,47.7827165,-3.3529644
BTP Banque,"507 Rue Jacques Ange Gabriel, 56850 Caudan, France",Caudan,02 57 42 10 80,non,"bank,business_center,finance",1,1,https://www.btp-banque.fr/,47.786724199999995,-3.3476367999999996
Bar Tabac Presse Le Kaodan,"1 place Louis Le Léannec, 56850 Caudan, France",Caudan,02 97 05 61 50,non,"bar,point_of_interest,establishment",4.4,24,https://www.facebook.com/profile.php?id=61553017515186,47.8106838,-3.3401235
Bistrot Lichette,"3 Rue François le Bail, 56850 Caudan, France",Caudan,06 61 35 48 14,non,"restaurant,food,point_of_interest",5,50,https://www.instagram.com/bistrot_lichette/,47.810411099999996,-3.34144
Bois de Pont Youan (Fête),"Unnamed Road, 56850 Caudan, France",Caudan,,non,"bar,point_of_interest,establishment",4.2,9,,47.8077581,-3.33743
Bouillon de Kerpont,"758 Rue Pierre Landais, 56850 Caudan, France",Caudan,09 62 16 64 04,non,"restaurant,food,point_of_interest",4.3,223,https://bouillondekerpont.com/,47.7882045,-3.3306310999999997
Bretagne Courtage,"974 Rue Pierre Landais, 56850 Caudan, France",Caudan,02 97 06 06 60,non,"insurance_agency,point_of_interest,service",4,4,https://bretagnecourtage.plussimple.fr/,47.788783699999996,-3.327741
Bréal,"228 Rue Andrei Sakharov, 56600 Lanester, France",Caudan,02 97 30 99 36,non,"clothing_store,store,point_of_interest",3.5,10,https://www.breal.net/?utm_source=gmb,47.7773016,-3.3410713999999997
Bureau Bretagne Gan patrimoine,"coté latéral droit, 150 Rte de Caudan 1er étage, 56850 Caudan, France",Caudan,02 97 32 28 05,non,"insurance_agency,consultant,finance",,,https://www.ganpatrimoine.fr/inspection.aspx?cp=56&id=170,47.7823399,-3.3494142
CAUDAN Citroën - LH Automobiles,"16 Rue de la Libération, 56850 Caudan, France",Caudan,02 97 05 70 16,non,"car_repair,car_dealer,service",4.6,114,,47.8128454,-3.3421368000000005
CHAUSSEA Lanester,"200 Rue Andrei Sakharov, 56600 Lanester, France",Caudan,02 97 35 67 89,non,"shoe_store,store,point_of_interest",4.1,704,https://www.chaussea.com/fr/magasin/418-lanester,47.777459,-3.341447
COTE JARDIN,"Rue François le Bail, 56850 Caudan, France",Caudan,,non,"florist,point_of_interest,store",,,,47.81024240000001,-3.3409139999999997
Caudan Pizzas Sarl,"22 Rue François le Bail, 56850 Caudan, France",Caudan,02 97 05 80 89,non,"kebab_shop,pizza_restaurant,meal_takeaway",4.7,184,http://www.caudanpizzas.com/,47.8100325,-3.3432298
Caudan kebab,"Cc de kerio, Rue Jean Moulin, 56850 Caudan, France",Caudan,09 86 50 16 94,non,"restaurant,food,point_of_interest",4.9,94,https://frmapsy.com/business/caudan-kebab-6BvqGuuI,47.813839699999996,-3.3438718
Centrakor / Zoé Confetti Caudan,"600 rue de Landais, Zone Industrielle de Kerpont, Bellevue, 56850 Caudan, France",Caudan,02 97 82 02 02,non,"home_goods_store,furniture_store,home_improvement_store",4.1,1370,https://www.centrakor.com/magasin-centrakor/ctkcaudan/centrakor---zoe-confetti-caudan-56850.html?utm_source=gmb,47.787133,-3.331898
Citroen Garage LH Automobiles,"16 Rue de la Libération, 56850 Caudan, France",Caudan,02 97 05 70 16,non,"car_dealer,point_of_interest,store",5,8,http://www.citroen.fr/rechercher-un-point-de-vente.html?utm_source=gmb,47.8128454,-3.3421368000000005
Coiffeur Kerleau - KerleauCoiffure,"Kerleau, 56620 Cléguer, France",Caudan,,non,"hair_salon,hair_care,point_of_interest",,,,47.8296978,-3.3763129
Crédit Mutuel de Bretagne CAUDAN,"11 Rue de la Libération, 56850 Caudan, France",Caudan,02 97 05 51 00,non,"bank,atm,insurance_agency",4.6,31,https://www.cmb.fr/reseau-bancaire-cooperatif/web/recherche-agence-credit-mutuel-de-bretagne/morbihan/caudan/caudan-56850,47.810874,-3.3411815
Cuisines & Agencements TY KAZH à Lorient / Caudan,"897 Rue Jacques Ange Gabriel, 56850 Caudan, France",Caudan,02 97 59 25 14,non,"furniture_store,home_improvement_store,home_goods_store",4.8,31,https://www.cuisines-tykazh.fr/,47.7867264,-3.3518299
De La Terre À L'assiette,"817 Rte de Caudan, 56850 Caudan, France",Caudan,,non,"restaurant,food,point_of_interest",,,,47.788032699999995,-3.3528046
Edifiz,"200 Rue François Groult, 56850 Caudan, France",Caudan,02 97 56 79 57,non,"general_contractor,point_of_interest,real_estate_agency",5,7,https://www.edifiz.fr/,47.7887005,-3.3325864
Eryma,"Pôle d'activité de Technellys, 165 Rue de la Montagne du Salut Bâtiments E et C, 56600 Lanester, France",Caudan,09 70 15 16 17,non,"electronics_store,service,point_of_interest",4.8,10,https://www.eryma.com/,47.7898612,-3.320382
Espace Particuliers,"56850 Caudan, France",Caudan,,non,"real_estate_agency,point_of_interest,service",,,,47.7859055,-3.3352557999999997
Frédéric Cren Peinture,"200 Rue François Groult Bât A7, 56850 Caudan, France",Caudan,02 97 76 25 07,non,"painter,furniture_store,home_improvement_store",4.7,20,http://www.fredericcren.fr/,47.789289499999995,-3.3321036
Fête Ci Fête Ca,"594 Rue Pierre Landais, 56850 Caudan, France",Caudan,02 97 83 65 78,non,"clothing_store,home_goods_store,store",4.2,1034,https://feteci-feteca.fr/fete-ci-fete-ca-votre-magasin-darticles-de-fetes-et-de-receptions-a-lanester-lorient-2/,47.7875052,-3.3325614999999997
Giniehairstyle création de bijoux,"1 domaine des Chênes, 56850 Caudan, France",Caudan,06 33 20 19 36,non,"jewelry_store,store,point_of_interest",5,2,https://www.giniehairstyle.com/,47.8040149,-3.3444365
Groupe Midi Auto,"215 Rue Jean Baptiste Martenot, 56850 Caudan, France",Caudan,02 97 81 45 14,non,"car_dealer,point_of_interest,store",4.7,3,,47.786436099999996,-3.3437259
Irripiscine by Irrijardin Caudan Lorient,"594 Rue Pierre Landais, 56850 Caudan, France",Caudan,02 30 99 91 72,non,"general_contractor,furniture_store,home_improvement_store",4.4,47,https://magasin.irripiscine.fr/bretagne/morbihan/caudan/irripiscine-by-irrijardin-caudan-lorient,47.787471,-3.332457
JB Jegousso Assurances - Generali,"pôle d'activité Technellys, 165 Rue de la Montagne du Salut, 56600 Lanester, France",Caudan,02 98 96 03 75,non,"insurance_agency,point_of_interest,service",,,https://www.jbjegoussoassurances.com/,47.7890008,-3.3206373000000005
KARE | La boutique en ligne,"Rue François Groult, 56850 Caudan, France",Caudan,02 22 44 12 12,non,"furniture_store,home_improvement_store,home_goods_store",3.3,73,http://www.kare-click.fr/,47.788184,-3.3316603999999996
Kaodan Informatique,"150 Rte de Caudan, 56850 Caudan, France",Caudan,02 97 85 72 58,non,"electronics_store,point_of_interest,store",,,https://kaodaninformatique.fr/fr,47.782339799999995,-3.3493825999999998
L'atelier Gourmand,"3 Rue Jean Moulin, 56850 Caudan, France",Caudan,02 97 30 07 62,non,"pizza_restaurant,hamburger_restaurant,fast_food_restaurant",4.8,180,,47.814066499999996,-3.3437427000000004
LANESTER CDL ELEC,"ZI de Kerpont, Rue Denis Papin, 56600 Lanester, France",Caudan,02 97 35 03 20,non,"electronics_store,general_contractor,building_materials_store",4.3,3,https://www.cdl-elec.fr/infos-agence/cdl-elec-lanester-5008,47.782271099999996,-3.3376927
"LAW-RIANT, Notaires Associés","2 Rue de Kergoff, 56850 Caudan, France",Caudan,02 57 94 00 20,non,"consultant,finance,point_of_interest",4.6,43,https://www.law-riant.notaires.fr/,47.8114261,-3.3419152999999997
LE SALON DE CYNDIE,"Centre Commercial de Kerio, Rue Jean Moulin, 56850 Caudan, France",Caudan,02 97 05 68 19,non,"hair_salon,hair_care,point_of_interest",4.8,41,https://www.planity.com/le-salon-de-cyndie-56850-caudan,47.8136155,-3.3444594999999997
LGT Automobiles,"200 Rue François Groult, 56850 Caudan, France",Caudan,06 63 99 30 45,non,"car_dealer,point_of_interest,store",4.4,181,https://www.lgtautomobiles.fr/,47.789153999999996,-3.3320925
La Banque Postale,"PLACE LE LEANNEC, 56850 Caudan, France",Caudan,,non,"bank,atm,insurance_agency",,,,47.8040149,-3.3444365
La Bonne Bouffe,"3 Rue François le Bail, 56850 Caudan, France",Caudan,02 97 86 26 29,non,"restaurant,french_restaurant,pub",4.4,164,https://www.facebook.com/pages/La-Bonne-Bouffe/807203685986079,47.8105743,-3.3416145
La Bovida,"ZI Bellevue, 332 Rue Pierre Landais, 56850 Caudan, France",Caudan,02 97 37 56 86,non,"furniture_store,home_improvement_store,home_goods_store",4.7,33,https://www.labovida.com/?utm_source=gmb&utm_medium=organic,47.786183,-3.335241
Le New's Café,"10 Centre Cial Kerio, 56850 Caudan, France",Caudan,02 97 05 56 50,non,"cafe,bar,food",4.7,6,,47.8136231,-3.3447883999999997
Les Fleurs du Scorff,"15 Rue Abel Gance, 56850 Caudan, France",Caudan,02 97 05 71 22,non,"florist,point_of_interest,store",5,1,,47.8127905,-3.34691
Lorient Expertise Automobile,"290 Rue Edouard Branly, 56600 Lorient, France",Caudan,02 97 81 05 34,non,"insurance_agency,point_of_interest,service",1.8,5,,47.7792454,-3.3330385
Lucas burgers et sandwicherie Caudan,"3 Rue de la Libération, 56850 Caudan, France",Caudan,09 82 21 77 98,non,"restaurant,food,point_of_interest",4.4,30,https://menu.aisancecloud.fr/brand/lucasburger,47.8105457,-3.3408919999999998
M La Pâtisserie,"2 Ter Rue de la Lande, 56850 Caudan, France",Caudan,06 72 06 99 28,non,"pastry_shop,bakery,dessert_shop",4.8,6,https://www.mlapatisserie.fr/,47.793268,-3.3458842
Maison Lejean,"1 Rue de la Libération, 56850 Caudan, France",Caudan,02 97 05 70 19,non,"bakery,food_store,food",4.5,148,,47.8104394,-3.3407709999999997
Mama pizza Papa Tacos,"7 Rue de la Libération, 56850 Caudan, France",Caudan,02 97 24 93 25,non,"pizza_restaurant,taco_restaurant,hamburger_restaurant",4.8,190,https://mamapizzaadm.wixsite.com/mama-pizza-1,47.8106984,-3.3409533
Mani 56,"689 Rue Jean Baptiste Martenot, 56850 Caudan, France",Caudan,09 65 10 48 75,non,"florist,point_of_interest,store",,,,47.784399500000006,-3.3452517999999998
Mercedes-Benz Cobredia - Lorient,"ZI de Kerpont, 1371 Rue Dominique Arago, 56850 Caudan, France",Caudan,02 97 76 96 00,non,"car_dealer,point_of_interest,store",4.3,312,https://www.cobredia.fr/mercedes-benz/concessions/mercedes-benz-lorient/,47.786885999999996,-3.3287757
Netto Caudan,"Rue Pierre Landais, 56850 Caudan, France",Caudan,02 97 81 10 50,non,"discount_supermarket,car_rental,supermarket",4.2,421,https://www.netto.fr/store-locator/Caudan/01934,47.7859846,-3.3358545
O'Gentleman,"2 Bis Rue des Écoles, 56850 Caudan, France",Caudan,02 97 37 09 48,non,"hair_salon,hair_care,point_of_interest",4.9,51,https://www.planity.com/ogentleman-56850-caudan,47.8095329,-3.3408707
Orange Business,"Pôle d'activités de Technellys, La, Rue de la Montagne du Salut, 56600 Lanester, France",Caudan,,non,"electronics_store,point_of_interest,store",,,,47.7887981,-3.3197148
PHARMACIE DE LA POSTE CAUDAN,"1 Rue Madame Gadaud, 56850 Caudan, France",Caudan,02 97 05 71 31,non,"pharmacy,health,point_of_interest",4.7,27,https://pharmaciedelaposte-caudan.pharmacorp.fr/,47.8102453,-3.3420319999999997
PRÉVOIR Assurances,"235 Rue de la Montagne du Salut, 56600 Lanester, France",Caudan,09 69 32 19 01,non,"insurance_agency,point_of_interest,service",5,61,https://www.prevoir.com/?utm_campaign=agence-ouest-littoral&utm_content=site-page-accueil&utm_medium=local&utm_source=google,47.7892757,-3.3185667
Peugeot Gemy Lorient,"428 Rue Pierre Landais, 56850 Caudan, France",Caudan,02 97 76 97 97,non,"tire_shop,auto_parts_store,car_repair",4.3,1106,https://peugeot-lorient.gemy.fr/,47.786621,-3.334484
Pharmacie Dirou,"Pl. Louis le Laennec, 56850 Caudan, France",Caudan,02 97 05 70 97,non,"pharmacy,drugstore,shoe_store",4.3,3,https://www.pharmacie-dirou-caudan.com/,47.8101014,-3.3404856
Pharmacie des 2 Rivières,"3 Av. Simone Veil, 56850 Caudan, France",Caudan,02 97 05 59 03,non,"pharmacy,drugstore,consultant",4.6,31,https://pharmacies.pharmaciengiphar.com/bretagne/morbihan/caudan/pharmacie-des-2-rivieres-1454,47.8144091,-3.3427925
Photomaton,"Carrefour Contact, 2 Av. Simone Veil, 56850 Caudan, France",Caudan,09 70 82 32 46,non,"electronics_store,home_goods_store,service",,,https://www.photomaton.com/fr-fr/trouver-un-photomaton/l/caudan/2-avenue-simone-veil/40626679,47.815224799999996,-3.3430237
Photomaton,"Netto, 80 Rue Pierre Landais, 56850 Caudan, France",Caudan,09 70 82 32 46,non,"electronics_store,home_goods_store,service",1,1,https://www.photomaton.com/fr-fr/trouver-un-photomaton/l/caudan/80-rue-pierre-landais/40747260,47.7860061,-3.335845
Pièces détachées,"228 Rue Jacques Ange Gabriel, 56850 Caudan, France",Caudan,02 97 84 05 00,non,"electronics_store,point_of_interest,store",1,1,https://pc-i.fr/contactus,47.787133499999996,-3.3429922999999997
Point Compétence Informatique (PCI),"228 Rue Jacques Ange Gabriel, 56850 Caudan, France",Caudan,02 97 84 05 00,non,"electronics_store,consultant,service",4.8,26,https://www.pc-informatique.fr/,47.787133499999996,-3.3429922999999997
Point Nickel - TABAC LE KAODAN,"4 Rue de la Libération, 56850 Caudan, France",Caudan,,non,"atm,bank,finance",,,https://nickel.eu/fr/?utm_source=google&utm_medium=organic&utm_campaign=mybusiness&utm_content=49269478100021,47.811189299999995,-3.3409999999999997
Pompes Funèbres de Caudan Taté - Le Berre - Le Choix Funéraire,"6 A Rue de la Libération, 56850 Caudan, France",Caudan,02 97 05 63 92,non,"funeral_home,florist,cemetery",4.9,65,https://pfdecaudan-marbrerieleberre.fr/,47.811349,-3.341118
Pégase&co Sellerie,"200 Rue Pierre Landais, 56850 Caudan, France",Caudan,02 22 21 77 96,non,"sportswear_store,clothing_store,sporting_goods_store",5,51,https://pegaseandco.com/,47.7855322,-3.3366248
Quincaillerie LTM | Lorient,"ZI de Bellevue, 107 Rue Nicolas Coatanlem, 56850 Caudan, France",Caudan,02 97 89 84 00,non,"hardware_store,building_materials_store,service",4.5,113,http://www.setin.fr/,47.7871291,-3.3336156000000003
Raid dalila,"56850 Caudan, France",Caudan,,non,"restaurant,food,point_of_interest",,,,47.8107836,-3.337627
Restaurant Chez Letti,"4 Saint-Séverin, 56850 Caudan, France",Caudan,02 97 05 70 08,non,"french_restaurant,restaurant,food",4.2,169,,47.830247899999996,-3.3413893999999997
SUPERBLISS SALONS,"56700 Hennebont, France",Caudan,,non,"hair_salon,hair_care,point_of_interest",,,,47.7983966,-3.2964327
SURdiscount Caudan ( Lorient ) - Papeterie - Beaux Arts - Loisirs créatifs,"520 Rue Pierre Landais, 56850 Caudan, France",Caudan,02 98 90 34 62,non,"electronics_store,home_goods_store,locksmith",4.3,272,http://www.surdiscount.com/,47.786893,-3.333253
Satelit Informatique,"Rue Léonard de Vinci, 56850 Caudan, France",Caudan,02 97 76 66 76,non,"electronics_store,service,point_of_interest",5,5,http://lorient-informatique.fr/,47.7804,-3.351712
Sports Ouest Equipements - Entreprises & Clubs sportifs,"Pôle Technellys, 165 Rue de la Montagne du Salut, 56600 Lanester, France",Caudan,02 90 61 18 11,non,"sporting_goods_store,sportswear_store,clothing_store",4.4,27,https://www.sportsouest.com/,47.7880573,-3.3197064999999997
Spoticar Gemy Lorient,"428 Rue Pierre Landais, 56850 Caudan, France",Caudan,,non,"car_dealer,point_of_interest,store",,,,47.786537499999994,-3.3346131999999997
Stokomani Lanester,"43 Rue Daniel Trudaine, 56600 Lanester, France",Caudan,09 73 71 72 72,non,"discount_store,toy_store,cosmetics_store",4,2763,https://www.stokomani.fr/pages/boutique-stokomani-lanester-56600,47.777587,-3.3379198999999997
TYPI Immobilier,"Pôle d'activités de Technellys, rue de la, 165 Rue de la Montagne du Salut Bat. B, 56600 Lanester, France",Caudan,02 59 16 20 95,non,"real_estate_agency,point_of_interest,service",5,67,https://typi-immobilier.bzh/,47.7889991,-3.3201231
Timicmac Lorient - Vide Grenier Permanent & Dépôt-vente (ancien magasin Bric ada Brac),"94 Rue Henri Ducassou, 56850 Caudan, France",Caudan,02 56 37 50 01,non,"thrift_store,discount_store,clothing_store",4.3,167,https://www.timicmac.fr/r%C3%A9server/r%C3%A9server-%C3%A0-lorient,47.7850837,-3.3438341
"Tourny Meyer Lorient-Vannes, Agence conseil en immobilier d'entreprise et commercial sur le Morbihan","pôle d’activités de technellys, 165 Rue de la Montagne du Salut bât. a, 56600 Lanester, France",Caudan,02 97 81 10 10,non,"real_estate_agency,point_of_interest,service",4.8,29,https://www.tournymeyer.fr/agence/agence-de-lorient-vannes/,47.7898612,-3.320382
Une Histoire Une Fleur Artisan Fleuriste,"5 Rue de la Libération, 56850 Caudan, France",Caudan,02 97 76 05 41,non,"florist,point_of_interest,store",4.5,32,https://www.unehistoireunefleur.com/,47.8106334,-3.3409036
VILLA COIFFURE,"1 espace jean gaudin, 56850 Caudan, France",Caudan,02 97 05 78 73,non,"hair_salon,hair_care,point_of_interest",4.9,53,,47.8107264,-3.3413038
Véloland Lorient - Magasin et Réparation de Vélos,"330 Rue Jean Baptiste Martenot, 56850 Caudan, France",Caudan,02 97 33 17 90,non,"bicycle_store,sportswear_store,clothing_store",4.9,93,https://www.veloland-lorient.fr/,47.785180999999994,-3.3407959
Würth Proxishop Lorient,"332 Rue Pierre Landais, 56850 Caudan, France",Caudan,02 97 83 58 38,non,"hardware_store,clothing_store,building_materials_store",4,24,https://magasins.wurth.fr/78-wurth-proxishop-lorient?utm_source=gmb,47.7861137,-3.3350025
XEFI Lorient,"170 Rue Léonard de Vinci, 56850 Caudan, France",Caudan,02 97 81 10 13,non,"electronics_store,consultant,service",4.9,27,https://www.xefi.fr/fr/agence/xefi-lorient/?utm_medium=website&utm_source=gbp,47.7817584,-3.3523981999999997
d'hair & d'or,"Laymat, 56850 Caudan, France",Caudan,06 65 19 24 60,non,"hair_salon,hair_care,point_of_interest",5,29,,47.8188543,-3.3548090999999998
les cuisines de carine,"2 Rue des Écoles, 56850 Caudan, France",Caudan,06 76 25 06 77,non,"furniture_store,home_improvement_store,home_goods_store",5,20,http://www.cuisinescarine.com/,47.8095329,-3.3408707
vendezvotrevoiture.fr Lorient,"200b Rue Pierre Landais, 56850 Caudan, France",Caudan,02 76 86 33 82,non,"car_dealer,point_of_interest,store",4.6,1380,https://www.vendezvotrevoiture.fr/agences/lorient-56850/,47.785883399999996,-3.3366944000000003
A Label Fleur,"zone commercial des, Les Cinq Chemins, 56520 Guidel, France",Guidel,02 97 65 31 08,non,"florist,service,store",4.6,52,https://fleuristes-et-fleurs.com/fleuriste/a-label-fleur-guidel-56520,47.8000867,-3.4757832
AGENCE GUIDE IMMOBILIER,"1 Rue du Puits, 56520 Guidel, France",Guidel,02 97 02 70 00,non,"real_estate_agency,service,point_of_interest",4.9,167,http://www.agenceguideimmo.fr/,47.7899702,-3.4886098
AXA Assurance et Banque Ccl Assurances,"P Chevalier F Ludot, 6 Rue de Saint-Maurice, 56520 Guidel, France",Guidel,02 97 65 01 58,non,"insurance_agency,health,service",,,http://www.ccl-assurances.info/,47.79067,-3.48899
Actif immo services,"20 Pl. Louis le Montagner, 56520 Guidel, France",Guidel,02 97 02 75 54,non,"real_estate_agency,service,point_of_interest",,,,47.7919676,-3.4940664999999997
Agence Groupama Guidel,"3 Pl. de Polignac, 56520 Guidel, France",Guidel,02 97 65 05 59,non,"insurance_agency,bank,finance",4.8,13,https://agences.groupama.fr/assurance/loire-bretagne/agence-groupama-guidel-idLBR58078?lm=fiche-etablissement-google_lbr_guidel_page,47.7892667,-3.4875323
Agence immobilière Laforêt Guidel,"5 Pl. Jaffré, 56520 Guidel, France",Guidel,02 97 89 30 35,non,"real_estate_agency,finance,consultant",5,3,https://www.laforet.com/agence-immobiliere/guidel?utm_source=google&utm_medium=mybusiness,47.7900795,-3.4877100999999997
Avictoria Immobilier,"Rue de la Fée Viviane, 56520 Guidel, France",Guidel,06 41 70 72 13,non,"real_estate_agency,service,point_of_interest",4,28,http://www.avictoria-immobilier.com/,47.7944117,-3.4852052
Bar Pmu Le Sulky,"2 Rue Joseph Lena, 56520 Guidel, France",Guidel,02 97 65 98 32,non,"bar,point_of_interest,establishment",4.3,71,,47.7888579,-3.4888749
Bar Tabac Presse Le Prat Pell,"9 Pl. Louis le Montagner, 56520 Guidel, France",Guidel,02 97 11 01 17,non,"bar,point_of_interest,establishment",4.3,73,,47.7922035,-3.4926215
"Bonjour Caravaning Guidel - Camping-cars, Vans & Fourgons aménagés Morbihan (56)","14 ZA de Pen Mané, 56520 Guidel, France",Guidel,02 97 02 70 70,non,"truck_dealer,car_dealer,car_repair",4.1,292,http://www.bonjourcaravaning.fr/,47.810111899999995,-3.4626308999999997
"Boris Décor, Cuisine, salle de bains, Agencement sur mesure","ZA de Pen Mané, 56520 Guidel, France",Guidel,02 97 65 92 01,non,"furniture_store,home_improvement_store,home_goods_store",4.3,11,http://www.borisdecor.fr/,47.8096601,-3.4652665
Breysse Betton Corinne Colette Yvette,"24 Rue de la Fée Viviane, 56520 Guidel, France",Guidel,02 97 02 77 76,non,"real_estate_agency,service,point_of_interest",,,http://avictoria-immobilier.com/,47.7942019,-3.4858607
Brillais Nicolas Paul Gilbert,"3 Rue Marc Mouello, 56520 Guidel, France",Guidel,02 97 02 70 39,non,"hair_salon,hair_care,service",5,3,,47.790073199999995,-3.4869822
Bémol - Créations Upcycing & Friperie,"Chez Divine Shop, 27 Pl. Louis le Montagner, 56520 Guidel, France",Guidel,07 62 03 66 47,non,"clothing_store,store,point_of_interest",,,https://www.sorayamobe.com/b%C3%A9mol,47.7917822,-3.4936705999999997
CHEZ MON COIFFEUR - GUIDEL,"2 Pl. Jaffré, 56520 Guidel, France",Guidel,02 97 65 03 21,non,"hair_salon,hair_care,service",4.6,81,http://chez-mon-coiffeur.fr/,47.7896344,-3.4874497
CRéABREIZH-MENUISERIE,"1rue du stang, 56520 Guidel, France",Guidel,06 30 80 27 29,non,"locksmith,furniture_store,home_improvement_store",5,1,https://creabreizh-menuiserie-60.webself.net/,47.784188799999995,-3.5041773999999997
Cabinet BASS,"3 Imp. du Stanco, 56520 Guidel, France",Guidel,,non,"insurance_agency,service,point_of_interest",4.3,11,http://www.cabinetbass.com/,47.7892752,-3.4893886999999997
Chez Rudy,"13 Pl. Jaffré, 56520 Guidel, France",Guidel,02 97 02 91 86,non,"pizza_restaurant,restaurant,food",4.7,36,https://sites.google.com/view/chezrudy/accueil,47.7903295,-3.4883994000000005
Coccimarket,"2 Rue des Pins, 56530 Gestel, France",Guidel,02 97 05 10 85,non,"supermarket,hypermarket,grocery_store",4.6,90,http://coccimarket-gestel.com/,47.804634,-3.442682
Coiffeur Kergroise - BarberKergroise,"Rue du 19ème Dragon, 56520 Guidel, France",Guidel,,non,"hair_salon,hair_care,service",,,,47.7847146,-3.490799
Coiffure Homme Nicolas.B.,"3 Rue Marc Mouello, 56520 Guidel, France",Guidel,02 97 02 70 39,non,"hair_salon,hair_care,service",4.5,23,,47.790073199999995,-3.4869822
Crédit Mutuel de Bretagne GUIDEL,"2 Rue de l'Océan, 56520 Guidel, France",Guidel,02 97 02 96 00,non,"bank,atm,insurance_agency",4.5,53,https://www.cmb.fr/reseau-bancaire-cooperatif/web/recherche-agence-credit-mutuel-de-bretagne/morbihan/guidel/guidel-56520,47.7884701,-3.489328
Crêperie La Frégate,"1 Pl. de Polignac, 56520 Guidel, France",Guidel,02 97 65 07 17,non,"french_restaurant,dessert_shop,confectionery",4.1,460,https://www.creperie-lafregate-guidel.com/,47.789438,-3.487548
Céline C.,"5 Rue du Stanco, 56520 Guidel, France",Guidel,02 97 65 33 23,non,"hair_salon,hair_care,service",4.6,45,https://www.planity.com/celine-c-56520-guidel,47.789674299999994,-3.4893389
Divine Piercing / Divine Shop,"27 Pl. Louis le Montagner, 56520 Guidel, France",Guidel,06 62 94 01 19,non,"body_art_service,clothing_store,service",5,172,https://instagram.com/divine_piercing?igshid=OGQ5ZDc2ODk2ZA==,47.7917822,-3.4936705999999997
Elora Digoin Marie-Hélène,"17 Parc de Kerhuen, 56520 Guidel, France",Guidel,06 62 76 02 29,non,"womens_clothing_store,clothing_store,store",,,https://www.elora.com/fr/8-la-boutique?pr=mariehelene&no=digoin,47.796231,-3.4784772
FEUILLES ET FLEURS GUIDEL,"5 Pl. Jaffré, 56520 Guidel, France",Guidel,09 53 90 91 90,non,"florist,store,point_of_interest",4.2,57,http://feuillesetfleurs.com/,47.790009399999995,-3.4873965
Fleur'S.,"Résidence les Marines, 56520 Guidel, France",Guidel,06 40 43 17 69,non,"florist,store,point_of_interest",4.7,22,http://www.fleur-sabrina.com/,47.767391599999996,-3.5215764
GARAGE DES 5 CHEMINS - Dacia,"5,CHE DE, Route de Lorient, 56520 Guidel, France",Guidel,02 97 65 98 22,non,"car_dealer,store,point_of_interest",5,3,https://www.dacia.fr/trouvez-votre-etablissement-dacia.html,47.799031799999995,-3.4768000999999997
GARAGE MC AUTOMOBILES,"Zone Industrielle des Cinq Chemins, 4 Rue Nicolas Appert, 56520 Guidel, France",Guidel,02 97 02 92 38,non,"car_dealer,store,point_of_interest",4.5,371,https://www.peugeotproximity.fr/garage/garage-mc-automobiles,47.803260099999996,-3.4782493999999997
Groupe LB Habitat,"1 c Rue Coat Kerio, 56520 Guidel, France",Guidel,02 97 64 57 76,non,"real_estate_agency,service,point_of_interest",,,http://www.groupelbhabitat.fr/location/programme/kerio,47.791848699999996,-3.5011118
Guidel automobiles - Distinxion,"ZI Pen Mané, 11 Rue Yves le Prieur, 56520 Guidel, France",Guidel,02 97 65 90 00,non,"car_dealer,store,point_of_interest",4.4,40,https://www.distinxion.fr/distributeur/guidel/guidel-automobiles,47.808988400000004,-3.4632373
Handi visible fit,"27 Rue Capitaine Quillien, 56520 Guidel, France",Guidel,06 50 85 23 77,non,"sportswear_store,clothing_store,health",5,10,,47.7887115,-3.4837677
Histoire de Cheveux,"5 Pl. de Polignac, 56520 Guidel, France",Guidel,02 97 65 32 90,non,"hair_salon,hair_care,service",4.8,72,http://histoire-de-cheveux-guidel.com/,47.7892699,-3.4878966
Hyzen,"2 Rue Brizeux, 56520 Guidel, France",Guidel,,non,"clothing_store,store,point_of_interest",,,,47.789750600000005,-3.4865483
Idylcar Arc en ciel,"ZA de Pen Mané, 56520 Guidel, France",Guidel,02 97 02 97 00,non,"truck_dealer,car_dealer,store",4.1,265,https://lorient.idylcar.fr/contact/,47.8105719,-3.4622392
L'eden Bar,"56520 Guidel, France",Guidel,,non,"bar,point_of_interest,establishment",5,1,,47.7892777,-3.4877118
LA CAPPADOCE KEBAB,"2 Rue de Saint-Maurice, 56520 Guidel, France",Guidel,02 97 11 05 42,non,"turkish_restaurant,family_restaurant,kebab_shop",4.6,335,http://www.facebook.com/lacappadocekebab,47.789811199999995,-3.4890578999999997
LGB Revetement de sol,"1 Pl. du 10 Mai 1945, 56520 Guidel, France",Guidel,06 59 01 35 39,non,"furniture_store,home_improvement_store,home_goods_store",5,3,,47.7897116,-3.4821701999999997
La Banque Postale,"1 Pl. Louis le Montagner, 56520 Guidel, France",Guidel,,non,"bank,atm,insurance_agency",,,https://www.labanquepostale.fr/particulier/localisation_bureau/resultat_localisation_bureau.detail.html/guidel-560780.html,47.7914004,-3.4928898
La Villa Toscane,"15 Pl. Jaffré, 56520 Guidel, France",Guidel,02 97 65 07 31,non,"french_restaurant,pizza_restaurant,restaurant",4.4,459,http://www.villatoscane-guidel.com/,47.7901817,-3.4884529
Le Kafé Iodé,"1 Rue de Saint-Maurice, 56520 Guidel, France",Guidel,06 58 06 81 10,non,"bar,point_of_interest,establishment",4.9,189,https://www.instagram.com/lekafeiode/,47.78974960000001,-3.4885327
Le Minor : ATELIER | MAGASIN D'USINE | VISITES | MUSÉE DE LA MARINIÈRE,"RUE NICOLAS APPERT, 10 ZI des Cinq Chemins, 56520 Guidel, France",Guidel,02 97 65 97 67,non,"clothing_store,store,point_of_interest",4.6,309,http://leminor.fr/,47.8044212,-3.4789057
Le coiffeur Guidel,"3 Pl. Louis le Montagner, 56520 Guidel, France",Guidel,02 97 02 72 23,non,"hair_salon,hair_care,service",5,20,,47.791788000000004,-3.4928995
Le k'origan Nomade,"6122 Pl. Louis le Montagner, 56520 Guidel, France",Guidel,07 87 61 41 63,non,"pizza_restaurant,restaurant,food",,,,47.792434799999995,-3.4925848999999998
Le melting,"6 Rue Capitaine Quillien, 56520 Guidel, France",Guidel,02 97 02 91 45,non,"restaurant,food,point_of_interest",4.5,294,https://m.facebook.com/lemeltingguidel/?locale2=fr_FR,47.7894085,-3.4868946999999997
Les Fleurs d'Estelle,"20 Pl. Louis le Montagner, 56520 Guidel, France",Guidel,06 84 14 89 41,non,"florist,store,point_of_interest",4.9,50,http://lesfleursdestelle.fr/,47.792051099999995,-3.4940472999999996
Les Villas du Bord de Mer - Nathalie Le Pallec,"Imp. du Palmero, 56520 Guidel, France",Guidel,06 66 00 41 97,non,"real_estate_agency,travel_agency,service",5,11,http://lesvillasduborddemer.com/,47.7888455,-3.4875692
Loge 7 Immobilier Guidel,"4 Pl. Louis le Montagner, 56520 Guidel, France",Guidel,02 56 54 85 94,non,"real_estate_agency,service,point_of_interest",5,50,https://www.loge7immobilier.com/,47.7918754,-3.4924594
MMA Assurances GUIDEL PLOEMEUR,"2A Rue de Saint-Maurice, 56520 Guidel, France",Guidel,02 97 65 32 75,non,"insurance_agency,health,service",4.2,32,https://agence.mma.fr/562101/?utm_source=Uberall&utm_medium=referral,47.7896931,-3.4890094
Maison Marie-Aude,"20 Pl. Louis le Montagner, 56520 Guidel, France",Guidel,06 46 77 44 30,non,"clothing_store,store,point_of_interest",5,7,https://www.maisonmarieaude.com/,47.792017699999995,-3.4941278
Manon,"56520 Guidel, France",Guidel,,non,"coffee_shop,cafe,food_store",,,,47.795016999999994,-3.487062
Marlène Prêt à Porter,"1rue Saint Maurice, 1 Rue de Saint-Maurice, 56520 Guidel, France",Guidel,02 97 84 23 41,non,"clothing_store,store,point_of_interest",4.9,14,https://www.boutiquemarlene.fr/,47.7897448,-3.4887002000000003
Menuiserie Générale ROBIC,"5 Rue Nicolas Appert, 56520 Guidel, France",Guidel,02 97 21 81 53,non,"furniture_store,home_improvement_store,home_goods_store",4,12,http://www.menuiserie-generale-robic.fr/,47.8152962,-3.4826626999999997
My Barber Home le shop,"1 Rue Capitaine Quillien, 56520 Guidel, France",Guidel,06 60 31 92 48,non,"barber_shop,hair_care,supplier",4.8,43,https://www.instagram.com/mybarberhome.leshop/,47.7891769,-3.4872634
Mélina Wathelet - Tapissier décorateur,"Route de Lesvariel, ZA de Pen Mané, 56520 Guidel, France",Guidel,06 62 90 28 85,non,"furniture_store,home_improvement_store,home_goods_store",5,23,https://www.instagram.com/melina.wathelet/,47.8081901,-3.4653107
Narbonne Accessoires Lorient,"ZA de Pen Mané, 56520 Guidel, France",Guidel,02 97 02 97 00,non,"truck_dealer,car_dealer,auto_parts_store",4,113,http://www.arcenciel-campingcar.com/,47.8107191,-3.4620799000000004
Névonnic Christian,"4 Pl. de Polignac, 56520 Guidel, France",Guidel,02 97 65 09 75,non,"bar,point_of_interest,establishment",4.6,36,,47.7891761,-3.4876019
PIZZ'APPETIT – Pizzeria artisanale à Guidel,"10 Pl. de Polignac, 56520 Guidel, France",Guidel,02 97 65 30 31,non,"pizza_restaurant,hamburger_restaurant,meal_takeaway",4.3,267,http://www.pizzappetit.biz/,47.7892927,-3.4886078000000005
Parc commercial Les 5 Chemins,"D765 Les Cinq Chemins, 56520 Guidel, France",Guidel,,non,"shopping_mall,department_store,pharmacy",4.2,450,,47.7996331,-3.4764264
Pharmacie La Laïta,"19 Pl. Louis le Montagner, 56520 Guidel, France",Guidel,02 97 65 01 41,non,"pharmacy,wholesaler,service",3.8,19,http://www.pharmacielalaita.com/,47.792086999999995,-3.4941301
Pharmacie de l'Océan,"22 Bis Rue de l'Océan, 56520 Guidel, France",Guidel,02 97 65 96 54,non,"pharmacy,consultant,service",4.6,167,https://pharmacieoceanguidel.fr/,47.7867275,-3.4912259999999997
Pharmacie du centre de Guidel,"6 Pl. Jaffré, 56520 Guidel, France",Guidel,02 97 65 98 27,non,"pharmacy,health,store",5,13,https://pharmaducentre-guidel.fr/,47.790129099999994,-3.4876840999999996
Photomaton,"Super U, Rue de Carrigaline, 56520 Guidel, France",Guidel,09 70 82 32 46,non,"electronics_store,home_goods_store,service",,,https://www.photomaton.com/fr-fr/trouver-un-photomaton/l/guidel/rue-de-carrigaline/56520001,47.7857475,-3.4902642
Pluriel Coiffure,"2 Rue de Saint-Maurice, 56520 Guidel, France",Guidel,02 97 65 04 05,non,"hair_salon,hair_care,service",4.7,58,http://www.plurielcoiffure.fr/,47.7897744,-3.4890643999999997
Point Nickel - TABAC LE PRAT PELL,"9 Pl. Louis le Montagner, 56520 Guidel, France",Guidel,,non,"atm,bank,finance",,,https://nickel.eu/fr/?utm_source=google&utm_medium=organic&utm_campaign=mybusiness&utm_content=85192581800011,47.7922035,-3.4926215
Pâtisserie Claire & Romain,"14 Pl. de Polignac, 56520 Guidel, France",Guidel,09 81 20 94 80,non,"pastry_shop,dessert_shop,bakery",4.7,283,http://patisserieclaireetromain.com/,47.789597699999995,-3.4886614999999996
REFLET D'ART,"Centre Commercial, Les Cinq Chemins, 56520 Guidel, France",Guidel,02 97 02 73 47,non,"hair_salon,hair_care,service",4.8,88,https://frmaps.xyz/business/reflet-d-art-9e4nICz0,47.8000287,-3.4757046
Rayon de soleil,"3 Rue Marc Mouello, 56520 Guidel, France",Guidel,02 59 16 59 95,non,"book_store,store,point_of_interest",5,3,https://www.instagram.com/rayondesoleil_guidel/,47.790073199999995,-3.4869822
Renault / Dacia - Garage des 5 Chemins,"5 CHEMIN DE GUIDEL, 56520 Guidel, France",Guidel,02 97 65 98 22,non,"car_dealer,car_repair,store",4.6,109,https://www.garagedes5chemins.fr/,47.79919400000001,-3.4767099999999997
Rentals France,"9 Rue de Saint-Maurice, 56520 Guidel, France",Guidel,09 71 00 56 00,non,"real_estate_agency,travel_agency,service",,,http://www.rentals-france.net/fr/location.php?ref=562112,47.790435699999996,-3.4891167999999997
Ruseff & Latruffe Immobilier,"13 Pl. Jaffré, 56520 Guidel, France",Guidel,02 97 81 81 12,non,"real_estate_agency,service,point_of_interest",4.7,31,https://www.rl.immo/,47.7903388,-3.4884047999999996
SG,"4 B Rue du Puits, 56520 Guidel, France",Guidel,02 97 02 97 30,non,"bank,atm,insurance_agency",4.8,23,https://agences.sg.fr/banque-assurance/particulier/agence-guidel-centre-id3000302714,47.790208,-3.4889129999999997
SNC MADI,"9 Pl. Louis le Montagner, 56520 Guidel, France",Guidel,02 97 11 01 17,non,"restaurant,food,point_of_interest",,,,47.7922035,-3.4926215
SNGA Citroen,"PARC COMMERCIAL DES, Les Cinq Chemins, 56520 Guidel, France",Guidel,02 97 65 97 56,non,"car_dealer,store,point_of_interest",5,1,https://reseau.citroen.fr/reparateur-guidel?_ga=2.43956707.75127184.1671156375-1746659876.1671154965&_gl=1*3dxtw8*_ga*MTc0NjY1OTg3Ni4xNjcxMTU0OTY1*_ga_9GV7M963ZQ*MTY3MTE2ODY3Ni40LjEuMTY3MTE3MDM4Ni4wLjAuMA..,47.8001037,-3.4771020999999998
Uncle Breizh Guidel,"8 Pl. Louis le Montagner, 56520 Guidel, France",Guidel,06 23 80 93 10,non,"french_restaurant,restaurant,food",4.8,478,https://commande.unclebreizh.fr/guidel/produits,47.792156500000004,-3.4924554
pharmacie de gestel,"6 Pl. Colonel Muller, 56530 Gestel, France",Guidel,02 97 05 18 70,non,"pharmacy,consultant,service",4.9,27,https://www.pharmaciegestel.fr/,47.8040942,-3.4426612999999997
Ô Naturel Coiffure. Colorations Végétales & Bien-être,"11 Pl. Louis le Montagner, 56520 Guidel, France",Guidel,07 62 62 35 90,non,"hair_salon,hair_care,service",5,22,https://www.instagram.com/o.naturel.coiffure.guidel/,47.792415999999996,-3.492621
Agence Sixieme Avenue Hennebont,"1 Rue de la Tour Saint-Nicolas, 56700 Hennebont, France",Hennebont,02 97 32 29 45,non,"real_estate_agency,finance,association_or_organization",5,40,https://hennebont.sixiemeavenue.com/,47.8044934,-3.2788804
Agence immobilière Laforêt Hennebont,"7 Av. de la Libération, 56700 Hennebont, France",Hennebont,02 97 85 18 18,non,"real_estate_agency,finance,consultant",4.2,100,https://www.laforet.com/agence-immobiliere/hennebont?utm_source=google&utm_medium=mybusiness,47.8042871,-3.2784353999999998
Angel,"3 Rue Trottier, 56700 Hennebont, France",Hennebont,02 97 85 53 21,non,"jewelry_store,store,point_of_interest",4.3,29,,47.805493399999996,-3.2776543
Antiquités Débarras De l'ouest,"59 Av. de la République, 56700 Hennebont, France",Hennebont,02 97 83 91 93,non,"moving_company,shipping_service,furniture_store",4.2,39,https://debarras-de-louest.fr/,47.7992066,-3.29032
Aréas Assurances Yvonnick YOUF,"11 Rue Trottier, 56700 Hennebont, France",Hennebont,02 97 36 22 78,non,"insurance_agency,health,point_of_interest",5,3,https://www.areas.fr/agence-assurance/56700/y.youf-hennebont,47.8053374,-3.2781156
Banque Populaire Grand Ouest,"1 Rue Maréchal Joffre, 56700 Hennebont, France",Hennebont,02 72 96 10 40,non,"bank,atm,finance",4.7,82,https://www.banquepopulaire.fr/bpgo/,47.8059266,-3.2783309999999997
Bernard Chausseur,"15 Rue Maréchal Joffre, 56700 Hennebont, France",Hennebont,02 97 36 12 41,non,"shoe_store,store,point_of_interest",4.8,53,https://www.instagram.com/bernard_chausseur/?hl=fr,47.8058844,-3.2773703999999997
Chic Choc Coiffure Esthétique,"1 Pl. Maréchal Foch, 56700 Hennebont, France",Hennebont,02 97 85 06 29,non,"hair_salon,beauty_salon,hair_care",4.7,111,http://www.chicchoccoiffure.fr/,47.805768699999994,-3.2767025999999997
Courtier indépendant en prêt immobilier - Nadège GUILLOU-CORLAY - LA MAILLE IMMOBILIER,"15 Av. de la Libération, 56700 Hennebont, France",Hennebont,06 77 00 72 77,non,"insurance_agency,finance,point_of_interest",4.9,90,http://www.la-maille-immobilier.fr/,47.8045348,-3.2778243999999996
Crêperie Saint-Géron,"27 Rue Trottier, 56700 Hennebont, France",Hennebont,02 97 36 20 57,non,"dessert_shop,confectionery,food_store",4.4,459,https://www.facebook.com/creperiesaintgeron,47.8045704,-3.2788893
Denis Matériaux Hennebont,"31 Rue du Ty Mor, 56700 Hennebont, France",Hennebont,02 97 36 25 22,non,"building_materials_store,hardware_store,home_goods_store",3.9,52,https://www.denismateriaux.com/nos-agences/agence-hennebont?utm_source=gmb,47.796655,-3.2787599999999997
Diabolo,"17 Rue Maréchal Joffre, 56700 Hennebont, France",Hennebont,02 97 36 40 05,non,"clothing_store,store,point_of_interest",4.8,17,http://www.diabolohennebont.com/,47.8058997,-3.2772593
Domino's Pizza Hennebont,"11 Av. de la Libération, 56700 Hennebont, France",Hennebont,02 97 89 00 00,non,"pizza_restaurant,shipping_service,restaurant",4,293,https://www.dominos.fr/?utm_source=google&utm_medium=local&utm_campaign=yext,47.8043913,-3.2782497999999998
File le Chat - Tapissières d'ameublement - Sièges & Décors,"1 Av. Jean Jaurès, 56700 Hennebont, France",Hennebont,06 33 56 21 42,non,"furniture_store,home_improvement_store,home_goods_store",5,3,https://www.instagram.com/filelechat,47.8015213,-3.2792527999999996
Find Your Shoes,"1 Rue Maréchal Joffre, 56700 Hennebont, France",Hennebont,06 40 12 33 22,non,"shoe_store,store,point_of_interest",,,,47.805938,-3.2783111999999996
For Men,"3 Pl. Maréchal Foch, 56700 Hennebont, France",Hennebont,02 97 85 10 76,non,"hair_salon,hair_care,service",4.9,100,https://frmaps.xyz/business/for-men-wK66srVk,47.8057343,-3.276287
Fournil Des Remparts,"25 Rue Trottier, 56700 Hennebont, France",Hennebont,02 97 36 44 12,non,"bakery,food_store,store",4.5,104,,47.804552799999996,-3.2787321
Global cars,"14 Rue Gutenberg, 56700 Hennebont, France",Hennebont,06 70 65 27 11,non,"car_dealer,car_repair,store",4.6,215,http://www.globalcars56.com/,47.797627299999995,-3.2844566
Hennebont 56700,"27 Rue Trottier, 56700 Hennebont, France",Hennebont,,non,"dessert_shop,confectionery,food_store",,,,47.8045704,-3.2788893
L'Atelier So'Hair,"2 Quai du Pont Neuf, 56700 Hennebont, France",Hennebont,02 97 36 13 38,non,"hair_salon,hair_care,service",4.9,51,,47.803728,-3.2790751
LE BEC Immobilier HENNEBONT,"4 Pl. Maréchal Foch, 56700 Hennebont, France",Hennebont,02 97 36 87 99,non,"real_estate_agency,general_contractor,point_of_interest",4.8,82,https://www.lebec-lorient.com/,47.805422,-3.2770373
LE HENNEBONTAISE,"8 Pl. Maréchal Foch, 56700 Hennebont, France",Hennebont,02 97 36 22 65,non,"bakery,pastry_shop,dessert_shop",3.6,19,,47.805390599999996,-3.2767689
La Banque Postale,"13 BIS Pl. du Général de Gaulle, 56700 Hennebont, France",Hennebont,,non,"bank,atm,insurance_agency",3.9,10,https://www.labanquepostale.fr/particulier/localisation_bureau/resultat_localisation_bureau.detail.html/hennebont-560830.html,47.804956,-3.2764682000000005
La Fleur de Blé,"4 Rue Edouard Herriot, 56700 Hennebont, France",Hennebont,02 97 85 57 70,non,"italian_restaurant,bakery,french_restaurant",4.2,85,https://www.facebook.com/share/1ERCaPoM78/?mibextid=wwXIfr,47.8050575,-3.2777095
La casa Nonna - Pizzéria / Restaurant / Grill,"5 Rue Maréchal Joffre, 56700 Hennebont, France",Hennebont,06 37 28 90 67,non,"pizza_restaurant,italian_restaurant,bar",3.9,382,,47.805870999999996,-3.277942
Le Bon Tempo Productions,"Av. du 8 Mai 1945, 56700 Hennebont, France",Hennebont,07 83 73 85 55,non,"electronics_store,home_goods_store,store",5,3,https://www.lebontempo.fr/,47.801404600000005,-3.2975415
Le Chat Botté,"7 Rue de la Poste, 56700 Hennebont, France",Hennebont,02 97 85 03 09,non,"restaurant,food,point_of_interest",4.8,417,https://www.le-chat-botte-restaurant-hennebont.fr/,47.8047513,-3.2779583
Le Pain Doré,"8 Pl. Maréchal Foch, 56700 Hennebont, France",Hennebont,02 97 36 22 65,non,"bakery,food_store,store",3.7,101,http://boulangerie-la-hennebontaise.fr/,47.805440999999995,-3.2767633999999997
Le Zinc,"7 Pl. du Général de Gaulle, 56700 Hennebont, France",Hennebont,02 97 36 46 73,non,"bar,restaurant,food",4.4,291,,47.805063,-3.2768800000000002
Les Lunettes d'Hennebont,"8 Rue du Puits Ferré, 56700 Hennebont, France",Hennebont,02 97 36 21 86,non,"insurance_agency,health,store",5,180,http://les-lunettes-dhennebont-hennebont2.monopticien.com/,47.8048899,-3.2774752
Lucas sandwichs & burgers,"7 Rue Trottier, 56700 Hennebont, France",Hennebont,09 83 94 30 68,non,"fast_food_restaurant,snack_bar,meal_takeaway",4.8,15,,47.805413599999994,-3.2779495
MAP Immobilier Hennebont - Achat & Vente,"1 Rue Trottier, 56700 Hennebont, France",Hennebont,02 97 36 20 04,non,"real_estate_agency,point_of_interest,service",5,19,https://www.mapimmobilier.fr/,47.805459899999995,-3.2774774
MHAJ Immobilier Hennebont,"21 Rue Trottier, 56700 Hennebont, France",Hennebont,02 30 91 93 66,non,"real_estate_agency,point_of_interest,service",4.7,29,https://mhaj.fr/,47.8048924,-3.2785846999999997
MMA Assurances HENNEBONT,"13 Av. de la Libération, 56700 Hennebont, France",Hennebont,02 97 36 21 52,non,"insurance_agency,health,point_of_interest",4.8,18,https://agence.mma.fr/560701/?utm_source=Uberall&utm_medium=referral,47.804442599999994,-3.2779689
Maison H Bridal,"4 Av. de la Libération, 56700 Hennebont, France",Hennebont,,non,"clothing_store,store,point_of_interest",5,22,https://m.facebook.com/profile.php?id=61558926166816&name=xhp_nt__fb__action__open_user,47.8036928,-3.2785286
Métamorphose,"1 Rue de la Tour Saint-Nicolas, 56700 Hennebont, France",Hennebont,02 97 36 24 01,non,"hair_salon,hair_care,service",4.8,39,,47.8044934,-3.2788804
Nuances by M,"8 Rue du Puits Ferré, 56700 Hennebont, France",Hennebont,02 97 37 44 14,non,"gift_shop,jewelry_store,toy_store",5,23,https://www.facebook.com/profile.php?id=100079189114933,47.804918799999996,-3.2775016999999997
Park Immobilier Hennebont,"5bis Av. de la Libération, 56700 Hennebont, France",Hennebont,02 97 35 48 44,non,"real_estate_agency,finance,consultant",4.8,101,http://www.hennebont.parkimmobilier.fr/,47.804036599999996,-3.2786548
Pharmacie de la République,"21 Av. de la République, 56700 Hennebont, France",Hennebont,02 97 36 10 10,non,"pharmacy,store,health",4.4,17,https://www.pharmacie-de-la-republique-hennebont.fr/,47.800414599999996,-3.2856283
Point Vert HENNEBONT Animalerie,"Rue Archimède Zac du Parco, 56700 Hennebont, France",Hennebont,02 97 89 47 20,non,"hardware_store,deli,building_materials_store",4.2,411,https://www.monmagasinvert.fr/?utm_source=google&utm_medium=gmb&utm_campaign=hennebont,47.7936771,-3.2644005
Pub O'Sullivans,"8 Rue Edouard Herriot, 56700 Hennebont, France",Hennebont,02 97 36 53 78,non,"bar,point_of_interest,establishment",4.1,36,,47.8049708,-3.2779279999999997
Quéguiner Matériaux,"23 Rue du Ty Mor, 56700 Hennebont, France",Hennebont,02 97 36 21 21,non,"building_materials_store,hardware_store,home_improvement_store",3.7,17,https://www.queguiner.fr/nos-agences/hennebont,47.7951261,-3.2804954
Rapid Couture - Hennebont,"2 bis Rue Maréchal Joffre, 56700 Hennebont, France",Hennebont,02 97 55 72 08,non,"clothing_store,store,service",5,5,https://www.rapid-couture.com/atelier/rapid-couture-2-bis-rue-marechal-joffre-hennebont/,47.8058288,-3.2768267
Restaurant La Madone Pizzeria à emporter Hennebont : Pizzas/Crousty Madone/Ciabatta,"19 Rue Maréchal Joffre, 56700 Hennebont, France",Hennebont,02 97 85 07 17,non,"pizza_restaurant,restaurant,food",4.7,369,https://pizza-hennebont.fr/,47.8059339,-3.2770993
Roule Ma Poule KIDS,"9 Pl. du Général de Gaulle, 56700 Hennebont, France",Hennebont,02 97 30 06 32,non,"toy_store,child_care_agency,clothing_store",5,15,http://www.rmp-kids.com/,47.805047,-3.2767375999999997
SPEED BURGER HENNEBONT,"33 Rue Trottier, 56700 Hennebont, France",Hennebont,02 90 38 09 87,non,"hamburger_restaurant,sandwich_shop,family_restaurant",4.3,243,https://www.speed-burger.com/livraison-hamburger/hennebont?utm_source=google&utm_medium=organic&utm_campaign=mybusiness-website,47.8041863,-3.2791919999999997
Star Istanbul,"18 Pl. Maréchal Foch, 56700 Hennebont, France",Hennebont,09 52 93 05 39,non,"turkish_restaurant,kebab_shop,fast_food_restaurant",4.6,952,https://www.star-istanbul.com/,47.8053907,-3.276264
Thélem assurances Hennebont,"6 Rue du Puits Ferré, 56700 Hennebont, France",Hennebont,02 97 85 59 59,non,"insurance_agency,point_of_interest,service",4.6,36,https://www.thelem-assurances.fr/agences/hennebont/,47.8051111,-3.2775238
Univers Pharmacie,"21 Av. de la République, 56700 Hennebont, France",Hennebont,02 97 36 10 10,non,"pharmacy,store,health",,,https://universpharmacie.fr/,47.8004369,-3.2855282999999997
Universe Frip's | vêtements d’occasion - Hennebont Morbihan,"23 Av. de la Libération, 56700 Hennebont, France",Hennebont,09 80 62 98 24,non,"clothing_store,store,point_of_interest",4.4,17,,47.80439440000001,-3.2755810999999997
West Barbershop Hennebont,"1 Av. de la Libération, 56700 Hennebont, France",Hennebont,02 22 21 71 13,non,"hair_salon,hair_care,service",4.7,352,http://west-barbershop.com/,47.803839599999996,-3.2787376
ZA TORIKO-Restaurant Traiteur Asiatique-Japonais-Coréen « Reconnu Gault & Millau juin 2026/2027 »🇰🇭🇯🇵🇰🇷✨✨✨✨✨,"3 Rue du Puits Ferré, 56700 Hennebont, France",Hennebont,09 80 86 44 92,non,"meal_takeaway,restaurant,food",4.8,219,https://www.zatoriko.fr/,47.8051879,-3.2772223
Zk barber,"4 Quai du Pont Neuf, 56700 Hennebont, France",Hennebont,09 87 78 17 67,non,"hair_salon,hair_care,service",4.2,52,,47.803796899999995,-3.2791639999999997
le spot,"14 Pl. Maréchal Foch, 56700 Hennebont, France",Hennebont,02 97 36 22 19,non,"bar,point_of_interest,establishment",4.1,144,https://www.instagram.com/le_spot_bistro_resto/,47.8054181,-3.2765711000000004
AXA Assurance et Banque Denis & Yasmina POTIER,"Residence Du Puits Ferre, 1 Pl. Maréchal Foch, 56700 Hennebont, France",Inzinzac,02 97 36 58 88,non,"insurance_agency,health,point_of_interest",4.2,9,https://agence.axa.fr/distributeur/0001821904?utm_campaign=Multidiffusion&utm_content=0001821904&utm_medium=local&utm_source=GMB,47.805699999999995,-3.2770799999999998
AXA Prévoyance & Patrimoine Maxime Le Pallec,"9 Av. Françoise Giroud, 56700 Hennebont, France",Inzinzac,02 97 36 40 21,non,"insurance_agency,point_of_interest,service",5,35,https://agence.axa.fr/distributeur/0004006204?utm_campaign=Multidiffusion&utm_content=0004006204&utm_medium=local&utm_source=GMB,47.8075063,-3.2708926999999997
Agence Groupama Hennebont,"1 B Pl. Maréchal Foch 1 Et, 56700 Hennebont, France",Inzinzac,02 97 36 23 09,non,"insurance_agency,bank,finance",4.6,17,https://agences.groupama.fr/assurance/loire-bretagne/agence-groupama-hennebont-idLBR58083?lm=fiche-etablissement-google_lbr_hennebont_page,47.805657499999995,-3.2764887999999996
Agence d'Hennebont - Office de Tourisme de Lorient Agglomération,"1 Pl. Maréchal Foch, 56700 Hennebont, France",Inzinzac,02 97 84 78 00,non,"tourist_information_center,tour_agency,travel_agency",4.4,60,https://www.lorientbretagnesudtourisme.fr/,47.805671499999995,-3.2767839
Allianz Assurance HENNEBONT - O. MUSSET & B. LE BRETON,"7 Av. du Président Salvador Allende, 56700 Hennebont, France",Inzinzac,02 97 85 14 77,non,"insurance_agency,health,point_of_interest",4.8,17,https://agence.allianz.fr/hennebont-56700-400571?utm_medium=organic&utm_source=na_organic_primelis&utm_campaign=2109_ongoing_na_organic_na_fiches-gmb-btn-site-web&utm_term=google_na_na_na_na_2109,47.8033876,-3.2655708999999997
Atlantic lasers esthétiques,"19 bis Av. du Président Salvador Allende, 56700 Hennebont, France",Inzinzac,06 87 87 66 58,non,"beauty_salon,hair_care,medical_clinic",,,,47.8039248,-3.2638597999999996
Au Fil Du Temps by Liline Store,"4 Rue du Dr Paul Carpentier, 56700 Hennebont, France",Inzinzac,02 97 85 01 07,non,"womens_clothing_store,clothing_store,home_goods_store",3.9,42,,47.805572999999995,-3.2743243
Au fil de l'eau,"Maison éclusière Ar Gored, Rue du Halage, 56700 Hennebont, France",Inzinzac,06 50 56 30 36,non,"bar,bed_and_breakfast,lodging",4.6,95,http://www.aufildeleau.bzh/,47.821113,-3.2632988999999997
Audition Dreumont - Audioprothésiste Hennebont,"2 Rue du Dr Paul Carpentier, 56700 Hennebont, France",Inzinzac,02 97 88 26 62,non,"electronics_store,store,point_of_interest",5,5,,47.805527299999994,-3.2744682
Aux délices Marocains,"11 Rue de la Résistance, 56700 Hennebont, France",Inzinzac,02 97 85 32 69,non,"moroccan_restaurant,restaurant,food",4.9,272,,47.8250252,-3.2478768
BHCAR Lorient,"3 Av. Aristide Bruant, 56700 Hennebont, France",Inzinzac,06 99 16 40 31,non,"car_dealer,store,point_of_interest",4.9,111,https://bhcar.fr/agences/bhcar-lorient,47.805198,-3.2590152999999997
BUCOLIQUE,"7 Rue Maréchal Joffre, 56700 Hennebont, France",Inzinzac,02 97 64 31 08,non,"florist,store,point_of_interest",5,9,https://www.instagram.com/bucoliquefleuriste?igsh=MWZzbnRxejl6cTJrbg==,47.805913000000004,-3.2778324
Bar le Blavet,"19 Qur Julien Legrand, 56650 Inzinzac-Lochrist, France",Inzinzac,02 97 85 39 86,non,"bar,point_of_interest,establishment",4.5,97,,47.8265047,-3.2484735
Bara Goell,"162 Av. Edouard Vaillant, 56700 Hennebont, France",Inzinzac,07 80 41 64 11,non,"bakery,food_store,food",5,4,https://bara-goell.glide.page/,47.8243428,-3.2487939999999997
Borne De Chargement Moneo,"11 Rue Emile Zola, 56650 Inzinzac-Lochrist, France",Inzinzac,01 42 99 59 59,non,"bank,finance,point_of_interest",,,,47.8261222,-3.25142
Chic Choc Coiffure Esthétique,"7 Rue Léon Blum, 56650 Inzinzac-Lochrist, France",Inzinzac,02 97 36 85 14,non,"hair_salon,beauty_salon,hair_care",4.8,76,http://www.chicchoccoiffure.fr/,47.8269379,-3.2509511
"ChouetteCoop : livres, produits culturels et puériculture reconditionnée","4 Rte de Vannes, 56700 Kervignac, France",Inzinzac,02 97 65 71 59,non,"book_store,store,point_of_interest",4.5,179,https://www.chouettecoop.org/,47.797527300000006,-3.2517879
Coiffure Mixte Galais Yann,"43 Rue Maréchal Joffre, 56700 Hennebont, France",Inzinzac,02 97 36 24 03,non,"hair_salon,hair_care,point_of_interest",4.8,55,http://galais.site-solocal.com/,47.8067292,-3.2762822999999996
Coprop Les Patios D'Or Hen,"2 Rue Pierre Mendès France, 56700 Hennebont, France",Inzinzac,02 97 50 37 39,non,"real_estate_agency,point_of_interest,service",5,1,,47.8253883,-3.2612365
Crédit Mutuel de Bretagne HENNEBONT,"11 Pl. Maréchal Foch, 56700 Hennebont, France",Inzinzac,02 97 85 18 70,non,"bank,atm,insurance_agency",4.1,141,https://www.cmb.fr/reseau-bancaire-cooperatif/web/recherche-agence-credit-mutuel-de-bretagne/morbihan/hennebont/hennebont-56700,47.8058464,-3.2754767
Cuisinella,"1 Av. Georges Pompidou, 56700 Hennebont, France",Inzinzac,02 97 88 28 48,non,"furniture_store,home_improvement_store,home_goods_store",4.9,145,https://www.ma.cuisinella/fr-fr/magasins/morbihan/hennebont,47.8027915,-3.2651939
D S de L'hair / Coloration Végétale Gaïa,"29 Rue nationale, 56700 Hennebont, France",Inzinzac,02 97 36 26 35,non,"hair_salon,hair_care,point_of_interest",4.8,33,https://www.planity.com/d-s-de-lhair-56700-hennebont,47.8072684,-3.2749327999999998
Del Rio - Restaurant pizzeria,"4 Rue Emile Zola, 56650 Inzinzac-Lochrist, France",Inzinzac,09 88 59 06 82,non,"pizza_restaurant,restaurant,food",4.9,95,https://delriopizzeria.fr/,47.826665299999995,-3.2499675999999997
Docteur Ordinateur-Hennebont,"7 Av. du Président Salvador Allende, 56700 Hennebont, France",Inzinzac,07 69 89 80 25,non,"electronics_store,service,store",3,4,https://www.docteurordinateur.com/lorient-hennebont/les-services-informatiques-de-docteur-ordinateur-lorient-hennebont.html,47.803366999999994,-3.2655577
Epitete Morgane,"103 Rue Maréchal Joffre, 56700 Hennebont, France",Inzinzac,02 97 89 43 69,non,"hair_salon,hair_care,point_of_interest",4.6,31,,47.8077405,-3.2722381
Erika du Prémorvan - efficity,"17 Rue Emile Zola, 56650 Inzinzac-Lochrist, France",Inzinzac,07 66 75 05 88,non,"consultant,point_of_interest,real_estate_agency",4.9,8,https://www.efficity.com/edupremorvan/,47.8260752,-3.2517175
Esprit Homme,"5 Rue nationale, 56700 Hennebont, France",Inzinzac,02 97 56 17 35,non,"barber_shop,hair_salon,hair_care",4.9,226,http://www.esprithomme-hennebont.fr/,47.806097,-3.2748489999999997
Framboise,"8 Rue de la Résistance, 56700 Hennebont, France",Inzinzac,,non,"coffee_shop,cafe,food_store",,,,47.825049299999996,-3.2482202
"GALEIT, crêperie sur feu de bois à bicyclette","Rue du Halage, 56700 Hennebont, France",Inzinzac,,non,"catering_service,food_delivery,dessert_shop",,,https://galeit.bzh/,47.821192499999995,-3.276262
Garage Vincent Agent Renault Dacia,"6 bis Rue Marx Dormoy, 56650 Inzinzac-Lochrist, France",Inzinzac,02 97 36 06 34,non,"car_dealer,car_repair,store",4.6,164,https://garagevincent56.fr/,47.826679999999996,-3.258143
Garage cordier,"139 Av. Edouard Vaillant, 56700 Hennebont, France",Inzinzac,02 97 36 01 05,non,"car_dealer,store,point_of_interest",4.6,52,,47.8230765,-3.2503295999999997
Gourin rue de la libération,"Imp. de Bellevue, 56700 Hennebont, France",Inzinzac,,non,"supermarket,grocery_store,food_store",,,,47.8175384,-3.2579469999999997
Happy nails,"29 Rue Maréchal Joffre, 56700 Hennebont, France",Inzinzac,07 69 59 16 66,non,"nail_salon,beauty_salon,hair_care",5,14,https://instagram.com/ongles_hennebont?igshid=YTQwZjQ0NmI0OA==,47.806253999999996,-3.2767035
Hennebont magasin de pêche,"56700 Hennebont, France",Inzinzac,,non,"hardware_store,building_materials_store,store",,,,47.8026297,-3.2757901
Jan Hervé,"4 Qur Julien Legrand, 56650 Inzinzac-Lochrist, France",Inzinzac,02 97 36 00 59,non,"bakery,pastry_shop,dessert_shop",4.2,124,https://www.facebook.com/boulangeriejanherve,47.826603999999996,-3.2487475
L'Art du Style,"1 Rue Gabriel Péri, 56700 Hennebont, France",Inzinzac,02 97 85 03 55,non,"hair_salon,hair_care,point_of_interest",4.7,18,http://www.facebook.com/lart.du.style.hennebont?utm_source=gmb,47.8074801,-3.2750209
La Biligoudene,"3 Jardin du Blavet, 56650 Inzinzac-Lochrist, France",Inzinzac,02 97 36 91 71,non,"french_restaurant,meal_takeaway,bar",4.6,56,http://la-biligoudene.gaqo.net/,47.8263612,-3.2501384
La Forgia,"3 Rue du Blavet, 56650 Inzinzac-Lochrist, France",Inzinzac,,non,"pizza_restaurant,italian_restaurant,restaurant",4.4,262,,47.8272494,-3.2496555999999996
La p'tite table - Lochrist,"13 Rue du Blavet, 56650 Inzinzac-Lochrist, France",Inzinzac,02 97 36 02 99,non,"restaurant,food,point_of_interest",5,128,https://laptitetable-lochrist.fr/,47.827539599999994,-3.2496169999999998
Le Légend Café,"178 Av. Edouard Vaillant, 56700 Hennebont, France",Inzinzac,,non,"cafe,food,point_of_interest",,,,47.825089399999996,-3.2483364
Lehuede Courtin Jocelyne,"8 Rue Emile Zola, 56650 Inzinzac-Lochrist, France",Inzinzac,02 97 36 07 56,non,"hair_salon,hair_care,point_of_interest",4.8,26,,47.8266228,-3.2502313999999997
Lexus pizza,"3 Rue Léon Blum, 56650 Inzinzac-Lochrist, France",Inzinzac,02 97 36 05 03,non,"pizza_restaurant,restaurant,food",4.4,94,https://www.facebook.com/lexuspizzas/,47.8267759,-3.2505895999999996
Linaia,"185 Av. Edouard Vaillant, 56700 Hennebont, France",Inzinzac,06 78 26 57 95,non,"hair_salon,hair_care,point_of_interest",4.7,32,https://www.facebook.com/Lina%C3%AFa-visagiste-coloriste-%C3%A0-domicile-108768598103440/,47.825555099999995,-3.2482625
Lissage Ldel_lisshair,"6 Rue Jacques Brel, 56700 Hennebont, France",Inzinzac,07 84 79 49 86,non,"hair_salon,hair_care,point_of_interest",4.2,5,,47.803014,-3.2569923999999997
Locavideo,"13 Rue Trottier, 56700 Hennebont, France",Inzinzac,02 97 36 30 30,non,"electronics_store,service,store",4.9,40,http://guillemotdidier.site-solocal.com/,47.8052381,-3.2782134999999997
MAP Immobilier Hennebont - Gestion & Location,"16 Pl. Maréchal Foch, 56700 Hennebont, France",Inzinzac,02 97 36 20 04,non,"real_estate_agency,point_of_interest,service",4.3,89,https://www.mapimmobilier.fr/?utm_source=gmb,47.805299999999995,-3.276291
ML AUTOS 56,"4 Rue Anita Conti, 56700 Hennebont, France",Inzinzac,02 97 36 15 32,non,"car_dealer,car_repair,store",4.4,7,https://concessions.peugeot.fr/hennebont,47.8003243,-3.2605128999999997
Mag Presse du Puits Ferré,"12 Rue du Puits Ferré, 56700 Hennebont, France",Inzinzac,02 97 36 24 16,non,"service,book_store,store",4.3,201,http://www.magpresse.com/,47.804739,-3.277479
Maisons de Bretagne,"19 Rue Maréchal Joffre, 56700 Hennebont, France",Inzinzac,02 98 39 54 54,non,"real_estate_agency,point_of_interest,service",4.4,16,https://www.maisons-de-bretagne.com/annonces/285066/maisons-de-bretagne-hennebont.html,47.8059258,-3.2770091999999997
Mangeons Frais HENNEBONT,"8 Bis Rue Marcel Cachin, 56700 Hennebont, France",Inzinzac,02 97 37 15 78,non,"supermarket,market,wholesaler",4.1,133,https://www.mangeonsfrais.com/?utm_source=google&utm_medium=organic&utm_campaign=mybusiness-website,47.806225,-3.2603779999999998
Maryline Couture,"1 Rue du Blavet, 56650 Inzinzac-Lochrist, France",Inzinzac,02 97 36 85 06,non,"clothing_store,store,point_of_interest",4.4,77,http://www.letelegramme.fr/morbihan/lorient/maryline-couture-s-installe-rue-marechal-foch-28-06-2014-10234422.php?utm_source=gmb,47.82707250000001,-3.2499059
Mise en Scène Coiffure,"4 Rue du Dr Paul Carpentier, 56700 Hennebont, France",Inzinzac,06 07 70 05 82,non,"hair_salon,hair_care,point_of_interest",5,24,https://miseenscene-coiffure.fr/,47.805552,-3.2742432999999997
Mutualia,"54 Av. de la Libération, 56700 Hennebont, France",Inzinzac,02 97 62 30 00,non,"insurance_agency,health,point_of_interest",1,2,https://agence.mutualia.fr/23-mutualia-hennebont?utm_source=gmb,47.8036957,-3.2682553
Netto Hennebont,"Rue de la Révolution 1789, 56700 Hennebont, France",Inzinzac,02 97 85 58 11,non,"discount_supermarket,discount_store,supermarket",4.2,465,https://www.netto.fr/store-locator/Hennebont/05981,47.811002599999995,-3.2659045
Nolba créations,"31 Rue de Lann Ménard, 56650 Inzinzac-Lochrist, France",Inzinzac,,non,"clothing_store,store,point_of_interest",5,6,,47.8294017,-3.2569876
Nongki Thaï,"8 Rue Emile Zola, 56650 Inzinzac-Lochrist, France",Inzinzac,02 90 74 46 95,non,"thai_restaurant,restaurant,food",4.9,76,http://m.me/NongkiThai,47.8266228,-3.2502313999999997
Nopino,"Pl. Maréchal Foch, 56700 Hennebont, France",Inzinzac,,non,"point_of_interest,real_estate_agency,service",5,1,,47.8055768,-3.2760328999999997
Nouvel Hair Hennebont,"37 Av. de la Libération, 56700 Hennebont, France",Inzinzac,02 97 36 12 95,non,"hair_salon,hair_care,point_of_interest",3.9,124,http://nouvelhair-56.fr/,47.8032692,-3.2662817000000004
Numéro 11 immo,"11 Qur Julien Legrand, 56650 Inzinzac-Lochrist, France",Inzinzac,02 97 24 59 68,non,"real_estate_agency,point_of_interest,service",4.9,34,https://www.numero11immo.com/,47.8266962,-3.2485325
PEUGEOT - GARAGE TISON,"7 Rue des Anciens Combattants, 56650 Inzinzac-Lochrist, France",Inzinzac,02 97 36 09 21,non,"car_dealer,store,point_of_interest",4.6,121,https://concessions.peugeot.fr/inzinzac-lochrist/nous-contacter/info-utiles/,47.8400964,-3.2650953
PHARMACIE DES FORGES,"6 Qur Julien Legrand, 56650 Inzinzac-Lochrist, France",Inzinzac,02 97 36 04 73,non,"pharmacy,veterinary_care,service",4.3,74,https://www.facebook.com/profile.php?id=61556914937547,47.82648,-3.2486926
Pharmacie Kergroix,"11 Av. François Mitterrand, 56700 Hennebont, France",Inzinzac,02 97 36 21 83,non,"pharmacy,health,store",4.1,37,https://hennebont.bretagnepharma.fr/,47.809652199999995,-3.2622438
Pharmacie LE RAY MANCERON,"1 Rue Trottier, 56700 Hennebont, France",Inzinzac,02 97 36 20 60,non,"pharmacy,health,store",4.4,26,http://www.pharmacie-leraymanceron-hennebont.fr/,47.8055124,-3.2774657
Pharmacie de Tremelin,"ZA Pen er prat, Rue des Anciens Combattants, 56650 Inzinzac-Lochrist, France",Inzinzac,02 97 36 85 15,non,"pharmacy,health,store",4.7,31,http://pharmaciedetremelin.fr/,47.839388,-3.2651779999999997
Pharmacie de la Gardeloupe - Elsie Santé,"2 Rte de Vannes, 56700 Hennebont, France",Inzinzac,02 97 36 45 48,non,"pharmacy,health,store",4.3,73,https://pharmacie-gardeloupe-hennebont.elsie-sante.fr/,47.79843470000001,-3.2585641
Pharmacie des Remparts,"37 Rue Trottier, 56700 Hennebont, France",Inzinzac,02 97 85 58 58,non,"pharmacy,drugstore,consultant",4.1,41,https://pharmacies.giphar.fr/bretagne/morbihan/hennebont/pharmacie-des-remparts-hennebont-490?locale=fr,47.8037652,-3.2793353
Photomaton,"Intermarche, 11 Av. François Mitterrand, 56700 Hennebont, France",Inzinzac,09 70 82 32 46,non,"electronics_store,home_goods_store,service",5,2,https://www.photomaton.com/fr-fr/trouver-un-photomaton/l/hennebont/11-avenue-francois-mitterrand/56700011,47.8099686,-3.262161
Photomaton,"Leclerc Express, Le Champ De La Patience, Av. des Frères Lumière, 56700 Hennebont, France",Inzinzac,09 70 82 32 46,non,"electronics_store,home_goods_store,service",,,https://www.photomaton.com/fr-fr/trouver-un-photomaton/l/hennebont/avenue-des-freres-lumiere/56700010,47.7977768,-3.2589322
Point Nickel - TABAC LE KREISKER,"22 Pl. Maréchal Foch, 56700 Hennebont, France",Inzinzac,,non,"atm,bank,finance",,,https://nickel.eu/fr/?utm_source=google&utm_medium=organic&utm_campaign=mybusiness&utm_content=94837973000013,47.8052707,-3.2759739
Point Nickel - TABAC SNC CALICLAN,"19 QUR JULIEN, 19 Qur Julien Legrand, 56650 Inzinzac-Lochrist, France",Inzinzac,,non,"atm,bank,finance",,,https://nickel.eu/fr/?utm_source=google&utm_medium=organic&utm_campaign=mybusiness&utm_content=94940723300012,47.826545499999995,-3.2485123999999996
Point Nickel - TABAC ZINZAG' KFE,"4 Pl. Charles de Gaulle, 56650 Inzinzac-Lochrist, France",Inzinzac,,non,"bank,atm,finance",,,https://nickel.eu/fr/?utm_source=google&utm_medium=organic&utm_campaign=mybusiness&utm_content=48157263400022,47.843546599999996,-3.2667172
Print Ordi Services,"13 Rue Trottier, 56700 Hennebont, France",Inzinzac,02 97 36 30 30,non,"electronics_store,store,point_of_interest",,,,47.805312699999995,-3.2781987999999997
RENAULT,"Rue Marx Dormoy, 56650 Inzinzac-Lochrist, France",Inzinzac,02 97 36 06 34,non,"car_dealer,store,point_of_interest",,,https://www.renault.fr/trouver-un-etablissement.html,47.826756499999995,-3.2580142999999997
Regal,"2 Rue Emile Zola, 56650 Inzinzac-Lochrist, France",Inzinzac,09 52 94 00 95,non,"restaurant,food,point_of_interest",4,224,,47.8267086,-3.2497995000000004
Rêve De Gosse,"8 Rue Emile Zola, 56650 Inzinzac-Lochrist, France",Inzinzac,,non,"hair_salon,hair_care,point_of_interest",3.9,8,,47.826663,-3.2502279
SG,"10 Pl. Maréchal Foch, 56700 Hennebont, France",Inzinzac,02 97 36 26 73,non,"bank,atm,insurance_agency",4.7,81,https://agences.sg.fr/banque-assurance/particulier/agence-hennebont-id3000301168,47.805456,-3.2765630000000003
Salaün Holidays Hennebont,"7 Rue Maréchal Joffre, 56700 Hennebont, France",Inzinzac,02 97 36 15 23,non,"travel_agency,transportation_service,tour_agency",4.7,18,https://agences.salaun-holidays.com/fr/bretagne/morbihan/hennebont/salaun-holidays-hennebont-84,47.806137299999996,-3.2767334
Sarenka - Accessoires Mode et Déco,"Rte de Lochrist, 56700 Hennebont, France",Inzinzac,,non,"clothing_store,store,point_of_interest",5,2,https://www.sarenka-creation.com/,47.8126837,-3.2621682
Seconde Main by Kris,"33 Rue Maréchal Joffre, 56700 Hennebont, France",Inzinzac,06 50 05 05 33,non,"clothing_store,store,point_of_interest",4.6,24,,47.8063812,-3.2764325999999997
Studio Elegance,"29 Rue Maréchal Joffre, 56700 Hennebont, France",Inzinzac,09 82 68 71 79,non,"beauty_salon,hair_salon,hair_care",4.7,30,https://www.studio-elegance.fr/,47.806253999999996,-3.2767035
Sud Morbihan Auto,"4 Rue Anita Conti, 56700 Hennebont, France",Inzinzac,02 97 36 15 32,non,"car_dealer,store,point_of_interest",4.8,4,https://concessions.peugeot.fr/hennebont/?_gl=1*5p6va3*_ga*MTE2NTQ1ODA3Ny4xNzE0NjEwNjky*_ga_5VGB8DK6VT*MTcxNDYxMDY5MC4xLjEuMTcxNDYxNjM1Mi4wLjAuMA..*_ga_600PF1TJ0Z*MTcxNDYxMDY5MC4xLjEuMTcxNDYxNjM1Mi4wLjAuMA..,47.8002605,-3.2604463000000004
Sukho cuisine thaïlandais,"1 Rue Marcel Sembat, 56650 Inzinzac-Lochrist, France",Inzinzac,06 77 33 66 46,non,"asian_restaurant,restaurant,food",5,1,,47.8241296,-3.263638
Villa Florale,"56B Av. de la Libération, 56700 Hennebont, France",Inzinzac,02 97 36 32 88,non,"florist,store,point_of_interest",4.5,39,https://www.villaflorale.fr/,47.803570199999996,-3.2679166
l'Ame du Siège,"7 Rue de Saint-Gilles, 56700 Hennebont, France",Inzinzac,02 97 83 53 38,non,"furniture_store,home_improvement_store,home_goods_store",5,1,,47.81030570000001,-3.2415829
AUDITORIUM LE BOURHIS,"164ter Rue Jean Jaurès, 56600 Lanester, France",Lanester,02 97 76 15 07,non,"electronics_store,store,point_of_interest",4.8,223,https://www.auditorium56.com/,47.769832,-3.350117
AXA Assurance et Banque LEBLANC S-LEBLANC M,"Residence Le Panoramic, 42 A Av. François Billoux, 56600 Lanester, France",Lanester,02 97 06 18 22,non,"insurance_agency,health,service",5,65,https://agence.axa.fr/distributeur/0004076604?utm_campaign=Multidiffusion&utm_content=0004076604&utm_medium=local&utm_source=GMB,47.76244,-3.3492599999999997
Agence Groupama Lanester,"160 Rue Jean Jaurès, 56600 Lanester, France",Lanester,02 97 44 48 45,non,"insurance_agency,bank,health",4.8,17,https://agences.groupama.fr/assurance/loire-bretagne/agence-groupama-lanester-idLBR58336?lm=fiche-etablissement-google_lbr_lanester_page,47.769116499999996,-3.3516806999999997
Agence Stephane Plaza Immobilier Lanester,"75 Rue Marcel Sembat Donnant, Rue François Mauriac, 56600 Lanester, France",Lanester,,non,"real_estate_agency,finance,service",3.9,15,,47.7653622,-3.3456525999999998
Agence immobilière Laforêt Lanester,"162 Rue Jean Jaurès, 56600 Lanester, France",Lanester,02 97 89 30 30,non,"real_estate_agency,consultant,finance",4.2,99,https://www.laforet.com/agence-immobiliere/lanester?utm_source=google&utm_medium=mybusiness,47.7692536,-3.351414
BUT,"Rue du 19 Mars 1962, 56600 Lanester, France",Lanester,09 78 97 97 97,non,"furniture_store,building_materials_store,home_improvement_store",3.7,1583,https://www.but.fr/magasins/047/But-Lorient.html?utm_campaign=pages-magasins&utm_medium=organic&utm_source=google,47.775619999999996,-3.339854
Banque Populaire Grand Ouest,"Av. du Cheval Blanc, 56600 Lanester, France",Lanester,02 72 96 07 30,non,"bank,atm,finance",3.7,26,https://www.banquepopulaire.fr/bpgo/,47.768546799999996,-3.352328
Bar le Marco,"6 Rue Jules Guesde, 56600 Lanester, France",Lanester,02 97 76 19 49,non,"bar,point_of_interest,establishment",4.1,44,,47.766219899999996,-3.3378924
BelleRéno: peinture et parquet,"31 Av. Georges Guieysse, 56600 Lanester, France",Lanester,06 76 57 82 57,non,"painter,building_materials_store,furniture_store",5,17,https://www.bellereno.com/,47.768150899999995,-3.3482114999999997
Bien d'Exception,"162 Rue Jean Jaurès, 56600 Lanester, France",Lanester,02 97 89 30 30,non,"real_estate_agency,service,point_of_interest",,,http://biendexception.fr/,47.769220399999995,-3.3513891
Bijoux et confettis,"3 Rue François Mauriac, 56600 Lanester, France",Lanester,06 42 56 42 09,non,"jewelry_store,store,point_of_interest",5,9,,47.765437399999996,-3.3480007
Brasserie L'expresso Bar,"3 Rue François Mauriac, 56600 Lanester, France",Lanester,02 97 35 08 88,non,"bar,point_of_interest,establishment",3.9,34,,47.765386899999996,-3.3480973
C&M Coiffure,"26 Av. François Billoux, 56600 Lanester, France",Lanester,02 97 76 07 48,non,"hair_salon,hair_care,point_of_interest",4.5,49,https://www.planity.com/cm-coiffure-56600-lanester,47.765099899999996,-3.3521589
Café De La Mairie,"7 Rue Jules Guesde, 56600 Lanester, France",Lanester,,non,"cafe,brewery,bar",4.1,83,,47.7662335,-3.3376286
Centre Automobile Multimarque,"150 Rue Youri Gagarine, 56600 Lanester, France",Lanester,02 97 81 05 72,non,"car_dealer,store,point_of_interest",,,,47.7740983,-3.340318
Chez Paulette,"Centre Cial Leclerc, 1 Rue François Mauriac, 56600 Lanester, France",Lanester,,non,"restaurant,point_of_interest,food",4.5,4,,47.765410599999996,-3.3483757
Coiffure Rive Gauche,"3 Rue Capitaine de Mauduit, 56600 Lanester, France",Lanester,02 97 76 21 95,non,"hair_salon,hair_care,point_of_interest",4.9,40,,47.7568048,-3.3456693
Coiffure eden,"67 Rue Marcel Sembat, 56600 Lanester, France",Lanester,06 25 05 35 86,non,"hair_salon,hair_care,point_of_interest",5,25,http://www.coiffureeden.fr/,47.764558,-3.345624
Cultura Lanester retrait des commandes,"Av. Ho Chi Minh, 56600 Lanester, France",Lanester,,non,"book_store,gift_shop,home_goods_store",,,https://www.cultura.com/les-magasins/cultura-lanester.html?utm_campaign=CLR&utm_medium=SEO&utm_source=google_GMB,47.7743895,-3.3371348
DELPHINE LE NINIVIN,"3 Rue François Mauriac, 56600 Lanester, France",Lanester,02 97 76 07 68,non,"hair_salon,hair_care,point_of_interest",,,https://www.nouvelhair-56.fr/,47.7654038,-3.3480106999999997
Deco Sieges,"67 Rue Jean Jaurès, 56600 Lanester, France",Lanester,02 97 76 54 28,non,"furniture_store,home_improvement_store,home_goods_store",4.2,5,,47.7648101,-3.3595902
Désir de Pompes Eurl,"11 Rue François Mauriac, 56600 Lanester, France",Lanester,02 97 81 25 03,non,"shoe_store,store,point_of_interest",4.8,6,,47.765521,-3.347123
Espace Coiffure Lanester,"1 Rue François Mauriac, 56600 Lanester, France",Lanester,02 97 81 08 02,non,"hair_salon,hair_care,point_of_interest",4.3,35,,47.7654065,-3.3482647
Espace Vidéo Musique SARL,"164 Ter Rue Jean Jaurès, 56600 Lanester, France",Lanester,02 97 76 15 07,non,"electronics_store,store,service",5,8,https://www.auditorium56.com/,47.7697791,-3.3501304000000003
Espacil Habitat - Agence Lanester,"1 Av. Pierre Mendès France BP 704, 56600 Lanester, France",Lanester,02 97 76 97 76,non,"hostel,real_estate_agency,lodging",3.6,55,https://www.espacil-habitat.fr/?utm_source=gmb,47.764111,-3.3458539999999997
Esprit Design by R.Pasco,"76 Av. Ambroise Croizat, 56600 Lanester, France",Lanester,02 97 76 93 76,non,"furniture_store,home_improvement_store,home_goods_store",4.7,147,http://www.espritdesign.fr/?utm_source=gmb,47.7748296,-3.3460748999999996
Expert Immo | Diagnostique immobilier Lanester,"213 Rue Jean Jaurès, 56600 Lanester, France",Lanester,02 97 76 31 83,non,"real_estate_agency,consultant,medical_clinic",3.1,8,https://expert-immo-diagnostic56.fr/,47.7697921,-3.3509352999999997
Flore Halle Lanester,"77 Rue Marcel Sembat, 56600 Lanester, France",Lanester,02 97 76 43 60,non,"florist,store,service",4.7,119,https://fleuristes-et-fleurs.com/fleuriste/flore-halle-lanester-56600,47.7656784,-3.3453934999999997
France Travail,"42 Av. François Billoux, 56600 Lanester, France",Lanester,09 72 72 39 49,non,"visitor_center,tourist_information_center,employment_agency",2.4,37,https://www.francetravail.fr/annuaire/,47.762781999999994,-3.348992
Frip'esperans,"76 Rue de la République, 56600 Lanester, France",Lanester,02 97 76 68 24,non,"clothing_store,store,point_of_interest",4.1,24,,47.7581926,-3.3395406999999997
Galerie DROUIN,"4 Rue Auguste Fresnel, 56600 Lanester, France",Lanester,02 97 50 60 97,non,"furniture_store,home_improvement_store,home_goods_store",5,3,https://www.proantic.com/galerie/galerie-jpc-drouin/,47.7673609,-3.3304886999999996
Human Immobilier Lanester,"11 Rue François Mauriac, 56600 Lanester, France",Lanester,02 97 85 04 29,non,"real_estate_agency,consultant,finance",4.9,152,https://www.human-immobilier.fr/lanester?utm_campaign=google_my_business_achat&utm_medium=seo&utm_source=google,47.7655208,-3.3471233999999996
Institut Lorianne beauté Lanester,"78 Rue Marcel Sembat, 56600 Lanester, France",Lanester,02 97 76 19 94,non,"beauty_salon,hair_care,massage_spa",4.9,184,,47.765890899999995,-3.3451408
Istanbul Barber,"82 Rue Marcel Sembat, 56600 Lanester, France",Lanester,02 21 88 14 93,non,"barber_shop,hair_care,health",4.8,55,,47.76613700000001,-3.3449793
Japan Univers,"144 Rue Jean Jaurès, 56600 Lanester, France",Lanester,07 68 05 58 94,non,"book_store,store,point_of_interest",3.3,4,,47.7683264,-3.3531119
Ker Informatique,"49 Av. Ambroise Croizat, 56600 Lanester, France",Lanester,06 85 90 59 77,non,"electronics_store,consultant,store",4.8,49,http://kerinformatique.free.fr/,47.772939699999995,-3.347835
"L'atelier kebab, frites Belges( fait Maison & Fraîche)","23 Rue François Mauriac, 56600 Lanester, France",Lanester,02 97 50 94 06,non,"restaurant,point_of_interest,food",4.9,173,,47.7656269,-3.3459106999999997
L.C.K - Les Créas de Kelia,"168 Rue Jean Jaurès, 56600 Lanester, France",Lanester,06 61 08 77 71,non,"clothing_store,store,point_of_interest",,,,47.7704339,-3.3493022
La Banque Postale,"6 Rue François Mauriac, 56600 Lanester, France",Lanester,,non,"bank,atm,insurance_agency",,,https://www.labanquepostale.fr/particulier/localisation_bureau/resultat_localisation_bureau.detail.html/lanester-mauriac-560980.html,47.7653275,-3.3462861999999998
La Roseraie d'Antan,"1 Av. François Mitterrand, 56600 Lanester, France",Lanester,02 97 76 49 21,non,"florist,store,point_of_interest",4.7,172,http://www.laroseraiedantan.fr/,47.7670458,-3.3383483999999997
Le Cafe Des Arts,"23 Rue François Mauriac, 56600 Lanester, France",Lanester,,non,"cafe,point_of_interest,food",3.7,115,,47.765640399999995,-3.3459133
Le Galo Stéphane,"67 Rue Jean Jaurès, 56600 Lanester, France",Lanester,02 97 76 54 28,non,"furniture_store,home_improvement_store,home_goods_store",,,,47.7648101,-3.3595902
Le Gloahec David,"4 Pl. Commerciale, 56600 Lanester, France",Lanester,02 97 76 16 48,non,"bakery,food_store,store",4.6,145,,47.7677145,-3.3472714999999997
Le Majescô,"58 Rue Marcel Sembat, 56600 Lanester, France",Lanester,02 97 76 19 31,non,"restaurant,bar,point_of_interest",4.9,33,https://www.facebook.com/share/18uZ2E6ZmW/?mibextid=wwXIfr,47.7638153,-3.3454504
Le Petit Coin Crêpes,"3 Rue Jules Guesde, 56600 Lanester, France",Lanester,02 97 76 56 71,non,"dessert_shop,confectionery,food_store",4.8,237,https://www.facebook.com/Le-petit-coin-crepes-132828180396247/,47.7663364,-3.3375401
Le couturier hugofoster,"341 Av. Commune de Paris, 56600 Lanester, France",Lanester,,non,"clothing_store,store,point_of_interest",,,,47.7696903,-3.3387691999999998
Les petites voiles rouges,"23B Rue François Mauriac, 56600 Lanester, France",Lanester,09 86 43 36 11,non,"restaurant,french_restaurant,point_of_interest",4.7,164,https://www.facebook.com/pg/Les-petites-voiles-rouges-3122004234492093/about/?ref=page_internal,47.765666599999996,-3.3457339
Lysis,"44 Av. François Billoux Bâtiment A, 56600 Lanester, France",Lanester,06 06 46 90 30,non,"beauty_salon,hair_care,point_of_interest",5,21,https://www.lysis.bzh/,47.7624776,-3.3486371999999998
MAAF Assurances LANESTER,"211 Rue Jean Jaurès, 56600 Lanester, France",Lanester,02 97 89 02 00,non,"insurance_agency,health,service",3.9,96,https://www.maaf.fr/fr/assurance-lanester,47.7697496,-3.3511349000000004
MMA Assurances LANESTER,"75 Rue Marcel Sembat, 56600 Lanester, France",Lanester,02 97 21 71 81,non,"insurance_agency,health,service",4.2,24,https://agence.mma.fr/564302/?utm_source=Uberall&utm_medium=referral,47.7652894,-3.3454393
MONSIEUR MEUBLE RAOULAS,"Av. François Mitterrand, 56600 Lanester, France",Lanester,02 97 76 27 25,non,"furniture_store,home_improvement_store,home_goods_store",3.9,48,https://www.monsieur-meuble.com/magasins/monsieur-meuble-lorient/,47.7663125,-3.3299013
Masculin-Féminin,"32 Bis Rue Jules Guesde, 56600 Lanester, France",Lanester,02 97 76 06 49,non,"hair_salon,hair_care,point_of_interest",5,21,http://www.masculin-feminin.fr/,47.7651222,-3.3378650999999997
Mobilier de France Meubles Pasco Lanester Lorient,"Rue du 19 Mars 1962, 56600 Lanester, France",Lanester,02 90 38 09 43,non,"furniture_store,home_improvement_store,home_goods_store",5,156,https://www.mobilierdefrance.com/magasin/morbihan/lorient/?utm_campaign=Multidiffusion&utm_content=556401&utm_medium=local&utm_source=GMB,47.7759619,-3.3411389
Mr.Bricolage Lanester - Lorient,"320 Rue Youri Gagarine, 56600 Lanester, France",Lanester,02 97 76 24 24,non,"garden_center,locksmith,building_materials_store",3.9,743,https://magasin.mr-bricolage.fr/111-mr-bricolage-lanester-lorient?utm_source=gmb,47.774699999999996,-3.34306
Netto Lanester,"17 Av. François Mitterrand, 56600 Lanester, France",Lanester,02 97 76 17 53,non,"discount_supermarket,discount_store,supermarket",4,688,https://www.netto.fr/store-locator/Lanester/55109,47.767055199999994,-3.3353713
Nouvel Hair Lanester,"3 Rue François Mauriac, 56600 Lanester, France",Lanester,02 97 76 07 68,non,"hair_salon,hair_care,point_of_interest",4.2,71,http://nouvelhair-56.fr/,47.765426999999995,-3.3480383
Nuance Institut de Beauté & Coiffure Lanester,"44 Av. François Billoux, 56600 Lanester, France",Lanester,02 97 83 12 08,non,"hair_salon,hair_care,point_of_interest",4.9,57,,47.7622947,-3.3486265
Pharmacie Santé Nature,"Rue Jeanne Labourbe, 56600 Lanester, France",Lanester,,non,"pharmacy,store,health",,,,47.768539999999994,-3.3527970999999996
Pharmacie Soulagne,"5 Av. François Mitterrand, 56600 Lanester, France",Lanester,,non,"pharmacy,store,health",4.8,5,,47.7670409,-3.3378574
Pharmacie Ti Kaol,"21 Av. Kesler Devillers, 56600 Lanester, France",Lanester,02 97 76 05 36,non,"pharmacy,store,health",4,24,https://www.pharmacie-tikaol.fr/upload/pharmacyMedias/slides-default/Slide5.jpg,47.769731,-3.3482674
Pharmacie de Kerpont - Aprium,"Centre Commercial Carrefour, 78 Av. Ambroise Croizat, 56600 Lanester, France",Lanester,02 97 76 26 34,non,"pharmacy,veterinary_care,drugstore",4.5,178,https://de-kerpont.aprium-pharmacie.fr/accueil,47.7756289,-3.3437194999999997
Pharmacie de Lann Gazec,"5 Av. François Mitterrand, 56600 Lanester, France",Lanester,02 97 76 09 91,non,"pharmacy,store,health",4.7,46,http://www.facebook.com/Pharmacie-Soulagne-1955355221449825,47.7670409,-3.3378574
Pharmacie de la Chataigneraie,"centre commercial Kerfréhour, Av. du Général de Gaulle, 56600 Lanester, France",Lanester,02 97 76 78 02,non,"pharmacy,store,health",2.8,29,,47.7627197,-3.3327399
Pharmacie du Centre,"40 Av. François Billoux, 56600 Lanester, France",Lanester,02 97 76 17 56,non,"pharmacy,store,health",4,49,https://pharmacieducentre.santalis.fr/,47.7628723,-3.3493218
Pharmacie du Plessis,"110 Rue Jules Guesde, 56600 Lanester, France",Lanester,02 97 78 91 45,non,"pharmacy,drugstore,consultant",4.1,37,https://pharmacies.giphar.fr/bretagne/morbihan/lanester/pharmacie-du-plessis-republique-lanester-338,47.759487,-3.33784
Pharmacie du Scorff,"152 Rue Jean Jaurès, 56600 Lanester, France",Lanester,02 97 76 17 29,non,"pharmacy,store,health",4.6,34,https://www.doctolib.fr/pharmacie/lanester/pharmacie-du-scorff,47.768550999999995,-3.3527983
Photomaton,"Geant Casino Btq, 78 Av. Ambroise Croizat, 56600 Lanester, France",Lanester,09 70 82 32 46,non,"electronics_store,home_goods_store,store",,,https://www.photomaton.com/fr-fr/trouver-un-photomaton/l/lanester/78-avenue-ambroise-croizat/56999969,47.775912,-3.3433761
Pianeta Pizza,"44 Av. François Billoux, 56600 Lanester, France",Lanester,02 97 55 41 13,non,"pizza_restaurant,pizza_delivery,meal_delivery",4.3,296,https://pianeta-pizza56.fr/,47.762318099999995,-3.3483874
Point Nickel - TABAC MACE,"44 Av. François Billoux, 56600 Lanester, France",Lanester,,non,"atm,bank,finance",,,https://nickel.eu/fr/?utm_source=google&utm_medium=organic&utm_campaign=mybusiness&utm_content=79350329300037,47.7624704,-3.3486333
R'studio Lanester,"102 Rue Marcel Sembat, 56600 Lanester, France",Lanester,02 97 76 64 61,non,"hair_salon,hair_care,point_of_interest",4.8,88,http://reservationcoiffeur.fr/r-studio-56600,47.767986099999995,-3.3448157
Rapture Clothing,"82 Rue Marcel Sembat, 56600 Lanester, France",Lanester,06 81 71 86 77,non,"clothing_store,store,point_of_interest",5,2,https://www.raptureclothing.fr/,47.76613700000001,-3.3449793
Restaurant Scolaire Larnicol,"11 Rue Louis Larnicol, 56600 Lanester, France",Lanester,,non,"restaurant,point_of_interest,food",3.3,4,,47.7650083,-3.3386096
SG,"160 Rue Jean Jaurès, 56600 Lanester, France",Lanester,02 97 76 04 54,non,"bank,atm,insurance_agency",4.5,71,https://agences.sg.fr/banque-assurance/particulier/agence-lanester-id3000301345,47.769039,-3.3516209999999997
SOPHIE ABAIDI coiffure,"84 bis Rue Marcel Sembat, 56600 Lanester, France",Lanester,02 97 89 34 91,non,"hair_salon,hair_care,point_of_interest",4.8,115,,47.7665298,-3.3449267999999996
Sa Kereol,"Centre Cial Leclerc, 1 Rue François Mauriac, 56600 Lanester, France",Lanester,02 97 76 98 95,non,"travel_agency,service,point_of_interest",2.8,6,,47.765432,-3.3485563
Sarl Gauthier X,"13 B Rue François Mauriac, 56600 Lanester, France",Lanester,02 97 81 31 64,non,"bakery,food_store,store",4,87,,47.7654328,-3.3468514999999996
Sembat Kebab مطعم شوارما,"73 Rue Marcel Sembat, 56600 Lanester, France",Lanester,09 81 74 60 49,non,"kebab_shop,fast_food_restaurant,restaurant",4.3,129,http://sembat-kebab.fr/,47.7651581,-3.3454606
Shad - Distinxion Lanester,"150 Rue Youri Gagarine, 56600 Lanester, France",Lanester,02 97 81 05 72,non,"car_dealer,car_repair,store",4.6,76,https://www.distinxion.fr/distributeur/lanester/shad-distinxion-lanester,47.7740777,-3.3403304
StepDanse - Annie Bourhis,"10 Rue Louis Bardouil, 56600 Lanester, France",Lanester,06 07 90 04 47,non,"shoe_store,store,point_of_interest",,,,47.7595447,-3.3410298
Sélect Auto 56,"2 Rue des Frères Lumière, 56600 Lanester, France",Lanester,07 81 91 10 10,non,"car_dealer,store,point_of_interest",4.6,15,https://www.selectauto56.fr/,47.7668127,-3.3298731999999998
TADIM,"13 Rue François Mauriac, 56600 Lanester, France",Lanester,09 50 15 91 80,non,"turkish_restaurant,cake_shop,halal_restaurant",4.2,129,https://tadim.eatbu.com/,47.7655208,-3.3471233999999996
VDA AUTOMOBILE,"2 Rue des Frères Lumière, 56600 Lanester, France",Lanester,06 12 12 20 97,non,"car_dealer,store,point_of_interest",5,19,,47.7668127,-3.3298731999999998
Villa Florale,"72 Av. Ambroise Croizat, 56600 Lanester, France",Lanester,02 97 76 79 16,non,"florist,store,point_of_interest",4.5,138,https://www.villaflorale.fr/,47.774097399999995,-3.3465886
fermé fermé,"122 Rue Jean Jaurès, 56600 Lanester, France",Lanester,07 85 90 24 05,non,"car_dealer,wholesaler,store",2,2,,47.7674862,-3.3544737
ACD Concept Store by Aurore Cardin Design,"2 Rue de l'Industrie, 56100 Lorient, France",Larmor-Plage,02 97 82 07 71,non,"store,building_materials_store,furniture_store",,,,47.732668499999996,-3.3785475999999997
ALMA IMMOBILIER,"4 Bd de Toulhars, 56260 Larmor-Plage, France",Larmor-Plage,02 97 33 66 60,non,"real_estate_agency,service,point_of_interest",4.4,10,http://immobilier-alma.com/,47.7067596,-3.3820926000000004
Agence de Larmor-Plage - Office de Tourisme de Lorient Agglomération,"24 Avenue Charles de Gaulle, 56260 Larmor-Plage, France",Larmor-Plage,02 97 84 78 00,non,"tourist_information_center,visitor_center,tour_agency",4,68,http://www.lorientbretagnesudtourisme.fr/,47.7048662,-3.3834491000000004
Aprium Pharmacie de Quelisoy,"1 Rue de la Chapelle Saint-Yves, 56260 Larmor-Plage, France",Larmor-Plage,02 97 65 51 12,non,"pharmacy,drugstore,veterinary_care",4.4,106,https://quelisoy.aprium-pharmacie.fr/,47.7278648,-3.3826049
Architecte d'intérieur-- AGENCE ANA O -LARMOR PLAGE,"Ty work centre d affaires, 3 Bd Jean Monnet, 56260 Larmor-Plage, France",Larmor-Plage,07 62 62 83 38,non,"furniture_store,home_improvement_store,home_goods_store",5,1,https://www.agenceanao.com/,47.725808,-3.386395
Armor-Lux,"16 Av. de la Plage, 56260 Larmor-Plage, France",Larmor-Plage,02 22 21 21 61,non,"clothing_store,womens_clothing_store,shoe_store",5,20,https://www.armorlux.com//pages/stores/mag-133?utm_source=Google&utm_medium=organic&utm_campaign=google_LPM_Larmor%20Plage,47.704705499999996,-3.3831439999999997
BMW Pautric Lorient,"1 Rue François Toullec, 56100 Lorient, France",Larmor-Plage,02 97 88 07 04,non,"car_dealer,store,point_of_interest",4.6,1091,https://partenaire.bmw.fr/pautric-lorient/,47.735073299999996,-3.3757924
BONNEMAISON⎟Larmor-Plage Ploemeur Lorient Agglo,"6 Rue de Kerderff, 56260 Larmor-Plage, France",Larmor-Plage,06 89 16 61 34,non,"real_estate_agency,general_contractor,service",5,26,https://www.bonnemaison.bzh/,47.7094963,-3.3854816
BOUTIQUE DE LA MER,"29 Grande Rue, 56290 Port-Louis, France",Larmor-Plage,02 97 82 20 05,non,"clothing_store,store,point_of_interest",4.8,20,,47.7073955,-3.3548386
Baluden Coffee,"2 Bd de Toulhars, 56260 Larmor-Plage, France",Larmor-Plage,,non,"coffee_shop,cafe,food_store",5,8,https://www.instagram.com/baludencoffee,47.7063673,-3.3822090000000005
Boutique Librairie,"56100 Lorient, France",Larmor-Plage,,non,"book_store,store,point_of_interest",4.7,3,,47.7303146,-3.3739621
CEL'MA Salon de coiffure,"19 Rue des 4 Frères Le Roy/Quéret, 56260 Larmor-Plage, France",Larmor-Plage,02 97 84 62 14,non,"hair_salon,hair_care,service",4.9,51,https://salon-celma.com/,47.7075209,-3.3836869999999997
COBRA VIDEO,"13 Rue de Kerhoas Za de, 56260 Larmor-Plage, France",Larmor-Plage,02 97 83 44 45,non,"home_goods_store,consultant,electronics_store",,,http://www.cobra-video.fr/,47.7228097,-3.3890529999999996
Carou Joaillier,"1 Place Notre Dame, 56260 Larmor-Plage, France",Larmor-Plage,09 62 00 97 97,non,"jewelry_store,store,service",5,13,https://www.instagram.com/jean_marc_carou,47.705919800000004,-3.3832617
Cars4Us 56,"6 Rue de Bretagne, 56260 Larmor-Plage, France",Larmor-Plage,07 83 50 28 61,non,"car_dealer,store,point_of_interest",1,1,,47.7252669,-3.3887275999999997
Champ Libre,"Rue de Bretagne, 56270 Ploemeur, France",Larmor-Plage,02 97 56 31 84,non,"florist,store,point_of_interest",,,,47.7247097,-3.3890426999999996
Clinique Vétérinaire Anicoon Larmor-Plage,"11 Avenue Charles de Gaulle, 56260 Larmor-Plage, France",Larmor-Plage,02 97 33 62 62,non,"pharmacy,veterinary_care,pet_care",4.5,153,https://anicoon.fr/,47.7056537,-3.3857293
Coiffure Floriane,"17 Grande Rue, 56290 Port-Louis, France",Larmor-Plage,02 97 82 18 90,non,"hair_salon,hair_care,service",4.9,29,,47.707276799999995,-3.3542986
Couleur Café,"7 Prom. de Port Maria, 56260 Larmor-Plage, France",Larmor-Plage,02 97 65 44 89,non,"cafe,bar,food",3.5,817,,47.7041153,-3.3836961999999997
Crédit Mutuel de Bretagne LARMOR PLAGE,"2 Place Notre Dame, 56260 Larmor-Plage, France",Larmor-Plage,02 97 84 29 00,non,"bank,atm,insurance_agency",4.2,31,https://www.cmb.fr/reseau-bancaire-cooperatif/web/recherche-agence-credit-mutuel-de-bretagne/morbihan/larmor-plage/larmor-plage-56260,47.706023099999996,-3.3828533999999997
Crêperie de Toulhars,"2 Bd de Toulhars, 56260 Larmor-Plage, France",Larmor-Plage,02 97 11 49 88,non,"dessert_shop,confectionery,food_store",4.7,95,,47.7064187,-3.3822129
Drivers' Club,"6 Rue de Bretagne, 56260 Larmor-Plage, France",Larmor-Plage,02 30 17 04 95,non,"pizza_restaurant,video_arcade,clothing_store",4.5,219,,47.725296199999995,-3.3887666999999997
FL AUTO IMPORTATION,"Centre d'Affaires Lorient Mer, 1 rue Henri Honoré, 56100 Lorient, France",Larmor-Plage,,non,"car_dealer,store,point_of_interest",5,7,,47.7329429,-3.3746052
Falbala,"43 Grande Rue, 56290 Port-Louis, France",Larmor-Plage,,non,"clothing_store,store,point_of_interest",1.9,7,,47.7074856,-3.3556295000000005
Fast Car Selection Limited,"1 Rue d'Estienne d'Orves, 56100 Lorient, France",Larmor-Plage,06 70 05 32 56,non,"car_dealer,store,point_of_interest",4.6,18,https://www.fastcarselection.com/,47.7326809,-3.3742671000000004
Garage du Ter / Sarl Herbert,"48 Av. Chenailler, 56100 Lorient, France",Larmor-Plage,02 97 37 25 67,non,"gas_station,car_dealer,car_repair",4.4,161,http://www.garageduter.fr/,47.73542,-3.389591
Gites Brittany,"16 Av. de la Plage, 56260 Larmor-Plage, France",Larmor-Plage,02 97 65 50 74,non,"real_estate_agency,travel_agency,service",,,http://www.gitesbrittany.info/Contact_Self_Catering_Gites_Brittany_Belle_ile.htm,47.7047567,-3.3830776
Group Digital,"Rue Batelière, 56100 Lorient, France",Larmor-Plage,02 97 88 08 00,non,"furniture_store,home_improvement_store,electronics_store",5,196,https://www.group-digital.fr/mon-magasin/digitalorient,47.7340783,-3.377504
Groupe Giboire,"5 Av. de la Plage, 56260 Larmor-Plage, France",Larmor-Plage,,non,"real_estate_agency,service,point_of_interest",,,,47.7051166,-3.3833686
Groupe Lang & Associés Lorient - Expertise Automobile,"Mer- La Base, Centre d'affaires, 1 rue Henri Honoré d'Estienne d'Orves, 56100 Lorient, France",Larmor-Plage,02 40 48 10 48,non,"car_dealer,store,point_of_interest",5,5,http://www.myexpertiseauto.com/,47.733111699999995,-3.3748104
IDEE GESTION Pays de Lorient - Administrateur de biens,"5 Rue des 4 Frères Le Roy/Quéret, 56260 Larmor-Plage, France",Larmor-Plage,02 30 91 50 57,non,"real_estate_agency,association_or_organization,service",3.3,32,http://www.idee-gestion.com/,47.7063949,-3.3834307
INEXA ASSURANCES,"3 BIS Rue Moïse le Bihan, 56100 Lorient, France",Larmor-Plage,02 97 87 03 30,non,"insurance_agency,car_dealer,store",4.2,41,https://www.inexa-assurances.fr/,47.7361776,-3.382736
Incognito | Salon de coiffure Larmor-Plage,"24 Rue des 4 Frères Le Roy/Quéret, 56260 Larmor-Plage, France",Larmor-Plage,02 97 65 49 20,non,"hair_salon,hair_care,service",4.5,71,https://fr-fr.facebook.com/pages/category/Hair-Salon/Incognito-coiffure-240816999345830/,47.7081812,-3.3841487999999997
Jean-Paul DA SILVA - conseiller immobilier LOGE 7 Larmor Plage,"5 Av. de la Plage, 56260 Larmor-Plage, France",Larmor-Plage,06 49 35 06 55,non,"real_estate_agency,consultant,service",,,,47.70509,-3.3833841
Jo_Beautylocs,"53 rue rosa park, 97117 Port-Louis, France",Larmor-Plage,0690 65 87 73,non,"hair_salon,hair_care,service",,,https://instagram.com/jo_beautylocs?utm_source=qr&igshid=MzNlNGNkZWQ4Mg==,47.7083297,-3.3563372
Jérôme le Teuff Pâtissier Chocolatier Larmor-Plage,"10 Place Notre Dame, 56260 Larmor-Plage, France",Larmor-Plage,02 97 11 89 25,non,"pastry_shop,chocolate_shop,candy_store",4.1,18,https://jeromeleteuff.fr/,47.7062732,-3.3824509999999997
Kermelo Automobiles,"14 Rue François Toullec, 56100 Lorient, France",Larmor-Plage,02 97 55 38 98,non,"car_dealer,store,point_of_interest",4.6,108,https://pros.lacentrale.fr/C057317,47.732393599999995,-3.3804447
L' Agence by Imwest,"3 Rue des 4 Frères Le Roy/Quéret, 56260 Larmor-Plage, France",Larmor-Plage,02 97 82 52 78,non,"real_estate_agency,service,point_of_interest",4.6,9,https://www.groupe-imwest.com/,47.7063511,-3.3831875
L'Artisan coiffeur,"13 Place Notre Dame, 56260 Larmor-Plage, France",Larmor-Plage,02 97 65 56 77,non,"hair_salon,hair_care,service",4.9,50,,47.7058167,-3.3821995
L'Espadrille,"3 Prom. de Port Maria, 56260 Larmor-Plage, France",Larmor-Plage,02 97 65 58 73,non,"restaurant,brewery,french_restaurant",4.3,1546,,47.7043256,-3.3835373
L'agence Lorient Larmor-plage,"1 Bd de Port Maria, 56260 Larmor-Plage, France",Larmor-Plage,06 17 85 00 10,non,"real_estate_agency,service,point_of_interest",4.7,15,http://lagence-larmorplage.com/,47.704650699999995,-3.3834887
LA PASSE SUD,"3 Prom. de Port Maria, 56260 Larmor-Plage, France",Larmor-Plage,02 97 33 70 59,non,"brewery,tea_house,bar",3.8,852,,47.704454399999996,-3.3834532
LG FACTORY,"81 Av. de la Perrière, 56100 Lorient, France",Larmor-Plage,07 69 51 98 20,non,"furniture_store,sportswear_store,home_improvement_store",5,16,,47.731436200000005,-3.3634600999999997
La Banque Postale,"11 Av. du Général de Gaulle, 56260 Larmor-Plage, France",Larmor-Plage,,non,"bank,atm,insurance_agency",,,https://www.labanquepostale.fr/particulier/localisation_bureau/resultat_localisation_bureau.detail.html/larmor-plage-561070.html,47.7058897,-3.3855592
La Boul'ange,"2 Rue du Beau Rivage, 56260 Larmor-Plage, France",Larmor-Plage,02 97 33 67 89,non,"bakery,food_store,store",4.2,255,,47.7070371,-3.3836139999999997
La Dame Blanche,"35 Grande Rue, 56290 Port-Louis, France",Larmor-Plage,02 97 82 45 11,non,"book_store,tea_house,coffee_shop",4.6,648,http://www.la-dameblanche.fr/,47.7074484,-3.3552675
La Famiglia,"11 Place Notre Dame, 56260 Larmor-Plage, France",Larmor-Plage,02 97 11 24 48,non,"meal_takeaway,restaurant,food",4.6,68,,47.7054954,-3.3829341
La Roseraie d’Antan,"13 Grande Rue, 56290 Port-Louis, France",Larmor-Plage,02 97 37 55 59,non,"florist,store,point_of_interest",4.8,23,https://www.laroseraiedantan.fr/,47.707169,-3.3540621
La bouquinerie,"3 Rue de la Marine, 56290 Port-Louis, France",Larmor-Plage,06 70 84 00 38,non,"toy_store,book_store,store",4.8,13,,47.707917599999995,-3.3556915999999997
La fabrik d'Aurélie,"8 Rue de Goulphar, 56260 Larmor-Plage, France",Larmor-Plage,06 79 96 27 89,non,"gift_shop,jewelry_store,store",5,12,https://la-fabrik-d-aurelie.sumupstore.com/,47.7165344,-3.3921245
Larmorimmo.Com,"3 Rue des 4 Frères Le Roy/Quéret, 56260 Larmor-Plage, France",Larmor-Plage,02 97 33 64 48,non,"real_estate_agency,service,point_of_interest",4.9,22,http://www.larmorimmo.com/?utm_source=gmb,47.706257099999995,-3.3833006
Latitude 4 Automobiles,"1 Rue François Toullec, 56100 Lorient, France",Larmor-Plage,07 80 95 79 59,non,"car_dealer,store,point_of_interest",5,1,,47.7353094,-3.3751181999999997
Le Celtic,"9 Prom. de Port Maria, 56260 Larmor-Plage, France",Larmor-Plage,02 97 65 42 62,non,"restaurant,french_restaurant,food",4.1,1047,,47.704051,-3.3837850000000005
Le Comptoir Gâvrais,"31 Av. des Sardiniers, 56680 Gâvres, France",Larmor-Plage,02 97 50 58 78,non,"book_store,coffee_shop,grocery_store",4.7,138,https://www.instagram.com/le_comptoir_gavrais/,47.697137999999995,-3.3524865
"Le Comptoir du Réemploi, La recyclerie éphémère","Centre Commercial du Ter, Pl. Raymond Moysan, 56100 Lorient, France",Larmor-Plage,02 97 56 56 02,non,"store,toy_store,bicycle_store",4.3,15,https://lecomptoirdureemploi.bzh/,47.7346296,-3.3892314
Le One bis COIFFEUR VISAGISTE,"1bis Rue des 4 Frères Le Roy/Quéret, 56260 Larmor-Plage, France",Larmor-Plage,02 97 33 69 15,non,"hair_salon,hair_care,service",4.8,19,,47.7062248,-3.3832285
Le Pavillon,"9 Prom. de Port Maria, 56260 Larmor-Plage, France",Larmor-Plage,,non,"restaurant,food,point_of_interest",3.5,2,,47.7039172,-3.3838917
Le Péché Mignon,"2 Rue du Port, 56260 Larmor-Plage, France",Larmor-Plage,02 97 65 55 65,non,"bakery,food_store,store",4.6,156,,47.7061516,-3.3820199
Le Taquet,"1 Quai Bellevue, 56260 Larmor-Plage, France",Larmor-Plage,06 95 97 03 13,non,"seafood_restaurant,restaurant,food",4.5,135,https://www.letaquet.fr/,47.705152,-3.3815052000000003
Le Terminus,"3 Place Notre Dame, 56260 Larmor-Plage, France",Larmor-Plage,02 97 02 92 98,non,"restaurant,food,point_of_interest",4.9,46,,47.7058334,-3.3832714
Les Terrasses de la Potinière - Changement de propriétaires,"5 Prom. de Port Maria, 56260 Larmor-Plage, France",Larmor-Plage,02 97 65 50 32,non,"french_restaurant,restaurant,food",3.7,1519,http://terrassesdelapotiniere.com/,47.7042326,-3.3836261
Lodge Properties,"12 Place Notre Dame, 56260 Larmor-Plage, France",Larmor-Plage,06 44 27 26 03,non,"real_estate_agency,service,point_of_interest",,,https://lodgefamily.fr/lodge-properties/,47.706223099999995,-3.3826323
Loge 7 Immobilier,"5 Av. de la Plage, 56260 Larmor-Plage, France",Larmor-Plage,02 52 75 07 06,non,"real_estate_agency,service,point_of_interest",4.1,12,https://www.loge7immobilier.com/,47.70509,-3.3833841
Lorient Informatique Services,"40 Rue des Remoras, 56260 Larmor-Plage, France",Larmor-Plage,06 58 84 80 97,non,"electronics_store,store,service",5,17,https://www.lorientinformatiqueservices.fr/?utm_source=gmb,47.7191,-3.3879799999999998
L’hAIR PUR - Coiffure Mixte,"4 BIS Pl. du Marché, 56290 Port-Louis, France",Larmor-Plage,02 97 82 18 03,non,"hair_salon,hair_care,service",4.9,30,,47.7078974,-3.3568031
MINI Pautric Lorient,"1 Rue François Toullec, 56100 Lorient, France",Larmor-Plage,02 97 88 07 04,non,"car_dealer,store,point_of_interest",4.7,496,https://partenaire.mini.fr/lorient,47.735029399999995,-3.3758972999999997
Maison Le Calvé,"9 Place Notre Dame, 56260 Larmor-Plage, France",Larmor-Plage,02 97 02 68 15,non,"real_estate_agency,service,point_of_interest",5,7,https://www.maisonlecalve.fr/,47.705549100000006,-3.3830416999999997
Maison de la Presse de Larmor-Plage,"4 Av. de la Plage, 56260 Larmor-Plage, France",Larmor-Plage,02 97 33 77 98,non,"gift_shop,book_store,confectionery",4.4,159,https://www.maisondelapresse.com/magasin/MaisondelaPresse-56260-larmorplage.html,47.705272099999995,-3.3831979999999997
Manuel-Tracteur,"27 Rue de Kergalan, 56270 Ploemeur, France",Larmor-Plage,06 52 89 18 00,non,"car_repair,book_store,supplier",4.9,7,https://www.manuel-tracteur.info/,47.7101629,-3.4144779
NP Informatique,"16 Rue des Abeilles, 56260 Larmor-Plage, France",Larmor-Plage,06 19 37 68 89,non,"electronics_store,store,service",3.7,3,http://www.npinformatique.com/,47.717838199999996,-3.3909856
Namiko,"13 Place Notre Dame, 56260 Larmor-Plage, France",Larmor-Plage,02 97 11 41 75,non,"asian_restaurant,restaurant,food",4.5,33,,47.7058894,-3.3822257
Neochrome,"8 Rue Jean-Baptiste Guiheneuc, 56290 Port-Louis, France",Larmor-Plage,06 83 74 62 27,non,"home_goods_store,electronics_store,store",,,,47.71345600000001,-3.347747
Nouvel'Vague,"1 Rue de Ploemeur, 56260 Larmor-Plage, France",Larmor-Plage,02 97 65 83 10,non,"hair_salon,hair_care,service",4.9,56,https://nouvelvague.com/,47.718025999999995,-3.3841083
O ty breizh,"1 Prom. de Port Maria, 56260 Larmor-Plage, France",Larmor-Plage,09 73 24 04 11,non,"snack_bar,meal_takeaway,restaurant",4.1,142,https://o-ty-breizh-larmor-plage.eatbu.com/,47.704565699999996,-3.3833569
PHARMACIE DES PLAGES l Larmor-Plage 56,"12 Rue des 4 Frères Le Roy/Quéret, 56260 Larmor-Plage, France",Larmor-Plage,02 97 65 51 56,non,"pharmacy,cosmetics_store,drugstore",4.2,34,https://www.pharmaciedesplages.fr/,47.7066786,-3.3838528
Pharmacie de Gâvres,"40 Av. des Sardiniers, 56680 Gâvres, France",Larmor-Plage,02 97 82 42 36,non,"pharmacy,store,health",4.9,14,,47.6965733,-3.3526442999999997
Pharmacie de Port-Louis,"8 Grande Rue, 56290 Port-Louis, France",Larmor-Plage,02 97 82 47 43,non,"pharmacy,store,health",4.4,37,https://www.pharmaciedeportlouis.fr/,47.7073416,-3.3534558
Photomaton,"Leclerc, Cc, Bd Roger le Port, 56260 Larmor-Plage, France",Larmor-Plage,09 70 82 32 46,non,"home_goods_store,electronics_store,store",,,https://www.photomaton.com/fr-fr/trouver-un-photomaton/l/larmor-plage/bd-roger-le-port/56260001,47.727965499999996,-3.3831005999999997
Pizz And Love,"2 Rue des Fontaines, 56260 Larmor-Plage, France",Larmor-Plage,02 97 11 28 13,non,"pizza_restaurant,pizza_delivery,meal_delivery",4,316,https://www.pizzandlove.fr/,47.709026699999995,-3.3839916
Point Nickel - TABAC LE HAVANE,"3 Rue du Minio, 56260 Larmor-Plage, France",Larmor-Plage,,non,"atm,bank,finance",,,https://nickel.eu/fr/?utm_source=google&utm_medium=organic&utm_campaign=mybusiness&utm_content=43265726000027,47.716958899999995,-3.3829393
Quaie,"7 Quai de la Pointe, 56290 Port-Louis, France",Larmor-Plage,,non,"hair_salon,hair_care,service",,,,47.711416799999995,-3.356643
R'Marin,"6 Av. du Général de Gaulle, 56260 Larmor-Plage, France",Larmor-Plage,02 97 65 40 10,non,"hair_salon,hair_care,service",4.8,32,,47.7057947,-3.3844597999999997
Rebel - Fleuriste Larmor Plage,"2 Bd de Toulhars, 56260 Larmor-Plage, France",Larmor-Plage,02 97 33 77 55,non,"florist,store,service",4.7,117,https://fleuristes-et-fleurs.com/fleuriste/rebel-artisan-fleuriste-larmor-plage-56260,47.706316,-3.3822642
Restaurant La Croisette,"3 Prom. de Port Maria, 56260 Larmor-Plage, France",Larmor-Plage,02 97 65 58 73,non,"restaurant,food,point_of_interest",,,,47.7043561,-3.3835618999999997
Ruseff & Latruffe Immobilier,"4 Rue des 4 Frères Le Roy/Quéret, 56260 Larmor-Plage, France",Larmor-Plage,02 97 84 30 03,non,"real_estate_agency,service,point_of_interest",5,44,https://www.rl.immo/,47.7063767,-3.3836777
SG,"1 Rue des 4 Frères Le Roy/Quéret, 56260 Larmor-Plage, France",Larmor-Plage,02 97 86 33 30,non,"bank,insurance_agency,consultant",4,12,https://agences.sg.fr/banque-assurance/particulier/agence-larmor-plage-mairie-id3000302713,47.7061725,-3.3831427
TEEM,"1 Rue d'Estienne d'Orves, 56100 Lorient, France",Larmor-Plage,02 30 91 98 10,non,"electronics_store,store,point_of_interest",4.5,11,https://www.teem-electronique.fr/,47.73260560000001,-3.3743890999999997
Titine la Sardine,"4 Bd de Toulhars, 56260 Larmor-Plage, France",Larmor-Plage,02 97 81 52 46,non,"gift_shop,clothing_store,store",4.7,60,http://titinelasardine.com/,47.7066678,-3.3821166999999996
Titus Kamba - BIWIZ LORIENT -,"10 Rue André Ampère, 56260 Larmor-Plage, France",Larmor-Plage,06 10 46 23 31,non,"car_dealer,store,point_of_interest",5,8,https://biwiz.fr/conseiller-automobile/titus-kamba,47.723703900000004,-3.3935559
Ty’Mero Restaurant Larmor-plage,"2 Bd de Toulhars, 56260 Larmor-Plage, France",Larmor-Plage,02 97 81 04 10,non,"restaurant,food,point_of_interest",4.8,329,https://tymero.fr/,47.7065312,-3.3821817999999997
Utile Larmor-Plage,"12 Place Notre Dame, 56260 Larmor-Plage, France",Larmor-Plage,02 97 65 62 80,non,"convenience_store,supermarket,grocery_store",4.4,23,,47.7062337,-3.3825743999999998
VAGABONDE,"46 Grande Rue, 56290 Port-Louis, France",Larmor-Plage,06 82 55 37 57,non,"shoe_store,home_goods_store,store",5,18,,47.7075981,-3.3555843999999997
la conciergerie,"38 Grande Rue, 56290 Port-Louis, France",Larmor-Plage,06 70 35 96 60,non,"clothing_store,store,point_of_interest",4.7,16,,47.70760440000001,-3.3550959999999996
APC Services,"51 Rue Monistrol, 56100 Lorient, France",Lorient-Keroman,06 61 11 35 46,non,"electronics_store,store,point_of_interest",4.7,94,http://www.apc-services.fr/,47.73693540000001,-3.3829908
AXA Assurance et Banque Brière Baala François,"5 Rue Amiral Dordelin, 56100 Lorient, France",Lorient-Keroman,02 97 64 57 64,non,"insurance_agency,health,service",4.7,46,https://agence.axa.fr/distributeur/0004017304?utm_campaign=Multidiffusion&utm_content=0004017304&utm_medium=local&utm_source=GMB,47.73327,-3.3731999999999998
AXA Prévoyance & Patrimoine Vincent Le Grévellec,"1 Rue d'Estienne d'Orves, 56100 Lorient, France",Lorient-Keroman,07 68 43 33 94,non,"insurance_agency,service,point_of_interest",,,https://agence.axa.fr/distributeur/0004612804?utm_campaign=Multidiffusion&utm_content=0004612804&utm_medium=local&utm_source=GMB,47.7328,-3.37429
Actuel Coiffure,"35 Rue Monistrol, 56100 Lorient, France",Lorient-Keroman,02 97 37 67 23,non,"hair_salon,hair_care,service",4,4,,47.737725399999995,-3.3823491
Alain Jégouzo,"81 Rue de Larmor, 56100 Lorient, France",Lorient-Keroman,02 97 21 57 57,non,"electronics_store,store,point_of_interest",,,,47.742041699999994,-3.3738772999999997
Artisan menuisier à Lorient,"Rue George Sand, 56100 Lorient, France",Lorient-Keroman,02 97 21 86 85,non,"furniture_store,home_improvement_store,home_goods_store",,,,47.739095,-3.36503
Assurance circuit,"Glenson, 1 Rue d'Estienne d'Orves, 56100 Lorient, France",Lorient-Keroman,02 52 33 17 73,non,"insurance_agency,service,point_of_interest",,,,47.7326809,-3.3742671000000004
BURO Club Partner Lorient La Base,"Centre d'affaires Lorient Mer, 1 Rue d'Estienne d'Orves, 56100 Lorient, France",Lorient-Keroman,01 40 21 95 95,non,"business_center,coworking_space,real_estate_agency",,,https://www.buro.com/centre-affaires/lorient-67/,47.7326809,-3.3742671000000004
Banque Populaire Grand Ouest,"85 Av. de la Perrière, 56100 Lorient, France",Lorient-Keroman,02 97 37 22 44,non,"bank,atm,finance",4.9,12,https://www.banquepopulaire.fr/bpgo/,47.731229299999995,-3.3632842999999997
Bokidi,"56 Rue de Carnel, 56100 Lorient, France",Lorient-Keroman,02 97 64 35 48,non,"florist,store,point_of_interest",4.9,62,http://www.bokidi.com/,47.7380974,-3.3679601999999997
Bréda Electronique TV Hifi Electroménager Vidéo,"Rue Batelière, 56100 Lorient, France",Lorient-Keroman,02 97 88 08 00,non,"supplier,electronics_store,home_goods_store",5,30,http://group-digital.fr/,47.733921699999996,-3.3775619
CAP Informatique,"27 Rue de Carnel, 56100 Lorient, France",Lorient-Keroman,02 97 21 49 56,non,"electronics_store,consultant,service",4.9,83,https://www.capinformatiquelorient.com/?utm_source=gmb,47.73881,-3.3689009999999997
CGI FINANCE Lorient (CGL),"Immeuble Le Kerguelen 7 rue du, Rue Lieutenant de Vaisseau Bourely 4ème étage, 56100 Lorient, France",Lorient-Keroman,03 20 65 60 23,non,"bank,finance,point_of_interest",3,10,,47.732520699999995,-3.3732742
Centre d'Affaires Lorient Mer - La Base,"1 Rue d'Estienne d'Orves 1er étage, 56100 Lorient, France",Lorient-Keroman,02 30 91 59 15,non,"business_center,coworking_space,real_estate_agency",4.7,61,http://www.centredaffaireslorientmer.fr/,47.7327419,-3.3748255
Chez Finette,"64 Av. de la Perrière, 56100 Lorient, France",Lorient-Keroman,02 97 37 37 67,non,"bar,point_of_interest,establishment",4.3,91,,47.7321628,-3.3633626
Chez Gino,"56 Av. de la Perrière, 56100 Lorient, France",Lorient-Keroman,02 97 80 18 20,non,"pizza_restaurant,italian_restaurant,restaurant",4.4,919,https://www.facebook.com/pages/Chez-Gino/413993302070164,47.7325007,-3.3636233
Cocci Market,"8 Rue de Carnel, 56100 Lorient, France",Lorient-Keroman,,non,"supermarket,grocery_store,food_store",5,5,,47.739939,-3.3686605999999997
Coiffeur Lorient - Hair'Lorient,"Rue Amiral Dordelin, 56100 Lorient, France",Lorient-Keroman,,non,"hair_salon,hair_care,service",,,,47.732666099999996,-3.3718380999999997
Coiffure Hair Naturel Lorient,"65 Rue Lazare Carnot, 56100 Lorient, France",Lorient-Keroman,02 97 64 32 74,non,"hair_salon,hair_care,service",4.6,36,http://coiffurehairnaturel.fr/,47.741167999999995,-3.3629689999999997
Comptoir Insulaire Groix et Nature Lorient,"7 Rue d'Estienne d'Orves, 56100 Lorient, France",Lorient-Keroman,02 97 05 58 91,non,"restaurant,deli,bar",4.5,285,http://www.groix-et-nature.com/,47.7319184,-3.3737048
Conciergerie Free d'Home Guidel et côte Lorientaise,"La baleine déshydratée, Rue d'Estienne d'Orves, 56100 Lorient, France",Lorient-Keroman,06 99 89 69 16,non,"real_estate_agency,lodging,service",,,https://www.freedhome-bnb-guidel.fr/,47.7324925,-3.3747102
Crédit Maritime Grand Ouest,"85 Av. de la Perrière, 56100 Lorient, France",Lorient-Keroman,02 97 37 22 44,non,"bank,atm,finance",4.5,31,https://www.banquepopulaire.fr/cmgo/,47.7312492,-3.3632597
Eff Eff Systèmes,"1 Rue du Chalutier la Tanche, 56100 Lorient, France",Lorient-Keroman,02 97 88 14 44,non,"supplier,electronics_store,service",,,,47.735162800000005,-3.3677240999999998
Embarcadère Lorient La Base Escal'Ouest,"La Base des sous-marins Keroman, 56100 Lorient, France",Lorient-Keroman,,non,"tour_agency,travel_agency,service",4.6,27,https://www.escal-ouest.com/,47.7294615,-3.3729687999999998
Embruns,"62 Av. de la Perrière, 56100 Lorient, France",Lorient-Keroman,02 97 37 41 23,non,"restaurant,bistro,food",4.7,206,https://www.embrunslorient.fr/,47.732266599999996,-3.3634068
Esthéticienne à domicile - Beauty by Marie Amélie,"2 Rue de Metz, 56100 Lorient, France",Lorient-Keroman,07 70 26 39 33,non,"beauty_salon,massage_spa,foot_care",5,1,https://www.facebook.com/beautybymarieamelie,47.7409308,-3.3637186
Foncia Bretagne - Lorient,"5 rue Contre Amiral, Rue Amiral Dordelin, 56100 Lorient, France",Lorient-Keroman,02 97 21 26 75,non,"real_estate_agency,finance,service",1.7,6,https://fr.foncia.com/agence-immobiliere/lorient-56100/agence-immobiliere/foncia-bretagne-lorient-7680,47.733399999999996,-3.37277
Foodtruck Chez Martine,"La Cité de la Voile Éric Tabarly, 56100 Lorient, France",Lorient-Keroman,07 61 93 16 40,non,"seafood_restaurant,restaurant,food",5,2,,47.7310486,-3.3742001
GITANA,"Rue du Sous-Marin Venus, 56100 Lorient, France",Lorient-Keroman,,non,"clothing_store,store,point_of_interest",5,1,,47.731804100000005,-3.3764396
Glaces Moustache-Artisan Glacier,"Cité de la Voile Éric Tabarly, Rue d'Estienne d'Orves, 56100 Lorient, France",Lorient-Keroman,,non,"ice_cream_shop,dessert_restaurant,dessert_shop",3.8,25,https://glaces-stmalo.fr/,47.7305871,-3.3746538
GlobeSailor,"1 Rue d'Estienne d'Orves, 56100 Lorient, France",Lorient-Keroman,01 89 48 04 26,non,"tour_agency,travel_agency,service",5,5,http://www.globesailor.fr/,47.7326809,-3.3742671000000004
Graine d'ici food truck,"Rue du Sous-Marin Venus, 56100 Lorient, France",Lorient-Keroman,07 86 80 97 38,non,"fast_food_restaurant,restaurant,food",5,22,https://grainedicifoodtruck.fr/,47.7317044,-3.376827
IDEA Lorient - Expertise Automobile,"Centre d'Affaires, 1 Rue d'Estienne d'Orves, 56100 Lorient, France",Lorient-Keroman,02 40 33 23 32,non,"insurance_agency,service,point_of_interest",,,https://idea-expertises.com/,47.7326809,-3.3742671000000004
K5 Bar Brasserie,"K5, Quai A Quartier Lorient La Base, 1 Rue d'Estienne d'Orves Celtic submarine 1, 56100 Lorient, France",Lorient-Keroman,02 30 91 70 00,non,"restaurant,bar,catering_service",4.5,697,http://www.k5brasserie.com/,47.7329199,-3.3746631
L'Atelier 23,"23 Rue de Carnel, 56100 Lorient, France",Lorient-Keroman,02 97 64 11 79,non,"hair_salon,hair_care,service",4.6,73,,47.7389246,-3.3690805999999998
L'artelier de Cloth,"42 Av. de la Perrière, 56100 Lorient, France",Lorient-Keroman,06 89 60 63 05,non,"jewelry_store,store,service",5,11,https://www.lartelierdecloth.fr/,47.7331165,-3.3640044
L'atelier de Sophie,"26 Rue de Carnel, 56100 Lorient, France",Lorient-Keroman,06 89 57 29 57,non,"furniture_store,home_improvement_store,home_goods_store",4.7,18,http://www.montapissierdecorateur.com/,47.7392937,-3.3687527999999998
LE PEANUTS,"48 Av. de la Perrière, 56100 Lorient, France",Lorient-Keroman,06 61 53 76 79,non,"bar,point_of_interest,establishment",4.5,49,,47.732874699999996,-3.3639538
La Baleine bar - restaurant - event,"Rue d'Estienne d'Orves, 56100 Lorient, France",Lorient-Keroman,02 97 78 33 59,non,"restaurant,bar,service",4.1,814,https://www.labaleine.bzh/,47.7306288,-3.3746793
La Base Bar Restaurant,"Base sous-marins Keroman, 56100 Lorient, France",Lorient-Keroman,02 97 88 01 93,non,"bar,point_of_interest,establishment",4.1,1241,https://labase-lorient.com/,47.73002590000001,-3.3738164999999998
La Base Du Cheveu,"13 Rue François Toullec, 56100 Lorient, France",Lorient-Keroman,02 97 56 47 03,non,"hair_salon,hair_care,service",5,40,https://www.planity.com/la-base-du-cheveu-56100-lorient,47.7326398,-3.3798996999999997
La Marmite de Julie,"10 Rue Raymond Rallier du Baty, 56100 Lorient, France",Lorient-Keroman,02 97 59 79 87,non,"restaurant,food,point_of_interest",4.9,73,,47.732251899999994,-3.3724646999999996
La paillote de Solo,"54 Av. de la Perrière, 56100 Lorient, France",Lorient-Keroman,02 97 82 06 77,non,"restaurant,food,point_of_interest",4.8,45,https://www.lapaillotedesolo.fr/,47.7325917,-3.3636106999999997
Le Comptoir Irlandais Lorient,"32 Av. de la Perrière 1er étage, 56100 Lorient, France",Lorient-Keroman,02 97 87 01 23,non,"gift_shop,womens_clothing_store,grocery_store",4.4,207,https://www.comptoir-irlandais.com/fr/magasin/28-le-comptoir-irlandais-de-lorient#utm_source=MAPS&utm_medium=organic&utm_campaign=COMPTOIRIRLANDAIS_Google_local_business,47.734274500000005,-3.3649651
Le Tenier,"65 Rue Lazare Carnot, 56100 Lorient, France",Lorient-Keroman,02 97 64 32 74,non,"hair_salon,hair_care,service",,,,47.741196599999995,-3.3629617
Les Gars des Eaux,"1 Rue d'Estienne d'Orves, 56100 Lorient, France",Lorient-Keroman,09 70 72 39 73,non,"plumber,insurance_agency,service",4.7,96,https://www.lesgarsdeseaux.com/agence/solution-degats-des-eaux-morbihan-56,47.7326809,-3.3742671000000004
Les Viviers Quiberonnais Marée,"Atelier 65,Quai Magasins de Marée, 56100 Lorient, France",Lorient-Keroman,02 97 29 55 02,non,"seafood_restaurant,market,wholesaler",5,1,http://lesviviersquiberonnaismaree.fr/,47.729506,-3.36599
Little asia,"54 Av. de la Perrière, 56100 Lorient, France",Lorient-Keroman,06 15 03 20 69,non,"chinese_restaurant,restaurant,food",4.3,16,,47.732598499999995,-3.3636021
Lorien sub pens,"Terre-plein Papin, 56100 Lorient, France",Lorient-Keroman,,non,"visitor_center,tourist_information_center,tour_agency",,,,47.7282016,-3.3693828
Low Coast Lorient,"2 Rue de l'Industrie, 56100 Lorient, France",Lorient-Keroman,09 60 47 41 10,non,"clothing_store,store,point_of_interest",4.4,43,https://lowcoast.bzh/,47.7329479,-3.3779412
L’Alvéole,"7 Rue d'Estienne d'Orves, 56100 Lorient, France",Lorient-Keroman,,non,"bakery,food_store,store",5,33,,47.731791,-3.3736585999999997
Mbcs,"5 Rue Amiral Dordelin, 56100 Lorient, France",Lorient-Keroman,,non,"fast_food_restaurant,restaurant,food",,,,47.734223899999996,-3.3730963
Meilleurtaux Lorient courtier en crédit immobilier,"5 Rue Amiral Dordelin Celtic Submarine 3 - Bat B, 56100 Lorient, France",Lorient-Keroman,02 97 83 24 13,non,"insurance_agency,finance,consultant",4.8,284,http://www.meilleurtaux.com/a-propos-de-meilleurtaux/toutes-nos-agences-en-france/courtier-lorient.html,47.7332672,-3.3732040999999997
Nicolas Boidevézi - Skipper Capitaine 200 Voile - Ecole de Voile - Coach Voile - Team Building Voile,"Quai Glorieux, 56100 Lorient, France",Lorient-Keroman,06 15 45 71 55,non,"marina,sports_school,consultant",5,27,https://linktr.ee/nicoboidevezi,47.728568599999996,-3.3711248
Océans Voyages,"Rue du Sous-Marin Venus, 56100 Lorient, France",Lorient-Keroman,02 30 91 50 52,non,"travel_agency,service,point_of_interest",5,2,https://www.oceans-voyages.com/,47.733190099999995,-3.3740661999999997
PC la Base Crêperie,"La Base des sous-marins Keroman, 9 Rue d'Estienne d'Orves, 56100 Lorient, France",Lorient-Keroman,02 97 30 61 27,non,"family_restaurant,coffee_shop,bar",4.3,3427,https://pcdelabase.com/,47.729945,-3.3734024
PHARE OUEST IMMOBILIER,"1 Rue d'Estienne d'Orves, 56100 Lorient, France",Lorient-Keroman,06 43 27 92 74,non,"real_estate_agency,service,point_of_interest",5,9,,47.7326809,-3.3742671000000004
Pharmacie de Monistrol,"64 Rue Monistrol, 56100 Lorient, France",Lorient-Keroman,02 97 37 32 19,non,"pharmacy,veterinary_care,health",4.7,292,https://www.pharmacie-monistrol-lorient.fr/,47.7355528,-3.3833645999999997
Pharmacie de la Rade,"21 Rue de Carnel, 56100 Lorient, France",Lorient-Keroman,02 97 64 37 77,non,"pharmacy,health,store",4.6,46,https://pharmaciedelaradelorient.fr/,47.7390706,-3.3690727
Photomaton,"Géant Casino Leasing, 6 Rue Monistrol, 56100 Lorient, France",Lorient-Keroman,09 70 82 32 46,non,"electronics_store,home_goods_store,service",,,https://www.photomaton.com/fr-fr/trouver-un-photomaton,47.7349034,-3.3831373
Plan a,"10 Rue Raymond Rallier du Baty, 56100 Lorient, France",Lorient-Keroman,,non,"fast_food_restaurant,restaurant,food",,,,47.7321235,-3.3726342999999996
Polyexpert Atlantique (Lorient),"5 Rue Amiral Dordelin, 56100 Lorient, France",Lorient-Keroman,02 97 87 41 00,non,"insurance_agency,service,point_of_interest",2.3,3,http://www.polyexpert.fr/,47.733233299999995,-3.3732186
ROM-arrangé,"1 Rue d'Estienne d'Orves, 56100 Lorient, France",Lorient-Keroman,09 80 55 30 03,non,"electronics_store,store,point_of_interest",4.3,10,https://www.romarrange.com/,47.732664899999996,-3.3744186
Rooftop La Base Restaurant-Bar,"5 Rue Amiral Dordelin, 56100 Lorient, France",Lorient-Keroman,02 97 76 95 67,non,"restaurant,food,point_of_interest",4.2,466,,47.7332672,-3.3732040999999997
Rousseau Elisabeth,"157 Rue de Larmor, 56100 Lorient, France",Lorient-Keroman,02 97 83 86 23,non,"hair_salon,hair_care,service",3.7,3,,47.740379,-3.3787971
Rubix Lorient,"11 Rue Amiral Dordelin, 56100 Lorient, France",Lorient-Keroman,02 97 83 69 03,non,"building_materials_store,clothing_store,manufacturer",3.6,9,https://fr.rubix.com/fr/,47.7342231,-3.3729906
Salon B Coiffure,"Centre Commercial E Leclerc, 1 Rue de la Chapelle Saint-Yves, 56260 Larmor-Plage, France",Lorient-Keroman,02 97 80 56 57,non,"hair_salon,hair_care,service",4.7,30,https://www.instagram.com/salonbcoiffure/?utm_source=gmb,47.7276287,-3.3834659
Salon L'MA Coiffure Head SPA Esthétique Onglerie Lorient,"2 Rue de Carnel, 56100 Lorient, France",Lorient-Keroman,02 56 54 26 86,non,"beautician,hair_salon,hair_care",4.8,117,https://salon-lma.fr/,47.7405413,-3.3685148
Salon de la Perrière,"9 Av. de la Perrière, 56100 Lorient, France",Lorient-Keroman,07 60 21 98 51,non,"hair_salon,hair_care,service",4.9,54,https://www.planity.com/salon-de-la-perriere-56100-lorient,47.7352322,-3.3662642
Showroom Point.P - Lorient,"2 Av. Amiral Melchior CP 02, 56100 Lorient, France",Lorient-Keroman,02 97 37 86 98,non,"building_materials_store,furniture_store,home_improvement_store",4.2,107,https://www.pointp.fr/infos-showroom/lorient-carrelage-point-p-6302,47.7381819,-3.3621808
Superbliss Salons - LORIENT,"Rue Monistrol C/Cial INTERMARCHÉ, 56100 Lorient, France",Lorient-Keroman,06 59 05 59 23,non,"hair_salon,hair_care,service",4.4,112,http://www.superbliss.fr/,47.734213399999994,-3.3831218
Villa Florale,"27 Rue Monistrol, 56100 Lorient, France",Lorient-Keroman,02 97 37 22 66,non,"florist,store,point_of_interest",4.5,221,http://www.villaflorale.fr/,47.7381806,-3.3819135
W3CAM,"3 Rue du Sous-Marin Venus, 56100 Lorient, France",Lorient-Keroman,0 805 38 25 22,non,"supplier,electronics_store,service",4,61,https://www.w3cam.fr/,47.733363700000005,-3.3741000999999997
ALB Conciergerie - Gestion Locative Airbnb à Lorient & Environs,"107 Rue Louis Roche, 56100 Lorient, France",Lorient-Merville,06 34 95 41 39,non,"real_estate_agency,travel_agency,lodging",4.8,77,https://albconciergerie.fr/,47.7588638,-3.3774224
Alexandre Ferré | Conseiller Immobilier Lorient,"6 Cr de Chazelles, 56100 Lorient, France",Lorient-Merville,06 59 21 26 12,non,"real_estate_agency,consultant,service",5,10,https://www.safti.fr/votre-conseiller-safti/alexandre-ferre/L2YyWmVVNGo4aTRGVW00d29RdXZWUT09,47.756795499999996,-3.3640922
Amara,"13 Cr de Chazelles, 56100 Lorient, France",Lorient-Merville,02 97 84 72 64,non,"furniture_store,home_improvement_store,home_goods_store",,,http://www.ameublement-deco.com/meuble-de-salle-de-bain-en-teck-8-83.r.fr.htm,47.754573,-3.3634237999999996
Aprium Pharmacie de la Gare,"7 Bd Cosmao Dumanoir, 56100 Lorient, France",Lorient-Merville,02 97 64 15 52,non,"pharmacy,veterinary_care,drugstore",4.4,122,https://gare-lorient.aprium-pharmacie.fr/accueil,47.754874099999995,-3.3640486999999997
Aqua Edition - salle-de-bain-teck,"86 boulevard Eugène cos, 56100 Lorient, France",Lorient-Merville,02 97 83 80 10,non,"furniture_store,home_improvement_store,home_goods_store",4,4,https://www.salle-de-bain-teck.com/,47.7528363,-3.3748396
Archipel Gourmet,"65 Rue Paul Guieysse, 56100 Lorient, France",Lorient-Merville,07 43 78 13 00,non,"restaurant,food,point_of_interest",5,17,https://www.instagram.com/archipel_gourmet/?hl=en,47.757519099999996,-3.3694762999999996
Art et Coiffure,"14 Rue de Belgique, 56100 Lorient, France",Lorient-Merville,02 97 21 40 78,non,"hair_salon,hair_care,service",4.9,29,,47.7581465,-3.3761918
Atelier de Coiffure,"10 Rue Paul Guieysse, 56100 Lorient, France",Lorient-Merville,02 90 98 10 05,non,"hair_salon,hair_care,service",5,3,,47.756795,-3.3654815
Au Petit Bureau,"13 Cr de Chazelles, 56100 Lorient, France",Lorient-Merville,02 97 83 83 84,non,"telecommunications_service_provider,real_estate_agency,service",5,7,https://www.aupetitbureau.fr/?utm_source=google&utm_medium=organic&utm_campaign=gmb,47.754573,-3.3634237999999996
BAR LE CHARLY ' S,"29 Rue Paul Guieysse, 56100 Lorient, France",Lorient-Merville,07 78 40 90 75,non,"bar,point_of_interest,establishment",4.5,43,,47.757120199999996,-3.3668487999999996
Bar Le Jame’son,"48 Rue Jules Simon, 56100 Lorient, France",Lorient-Merville,09 87 13 30 73,non,"bar,point_of_interest,establishment",4.8,87,,47.757435,-3.3671100999999997
Bar-Tabac Le Saumur,"Bd d'Oradour-sur-Glâne, 56100 Lorient, France",Lorient-Merville,,non,"bar,point_of_interest,establishment",3.6,112,,47.757172499999996,-3.3715200999999997
Blot Morbihan - Commerce,"39 Rue de la Villeneuve, 56101 Lorient, France",Lorient-Merville,06 65 53 30 00,non,"real_estate_agency,finance,service",5,1,https://www.blot-immobilier.fr/nos-agences/commerce/negociateur-fonds-de-commerce-morbihan/?utm_source=gmb&utm_medium=lien_prise_rdv&utm_campaign=lien_rdv_page_agence,47.753744399999995,-3.3772178
Boit' à tif,"1 bis Rue Audren de Kerdrel, 56100 Lorient, France",Lorient-Merville,06 15 51 23 41,non,"hair_salon,hair_care,service",5,8,,47.7627804,-3.3718474
Boutique SNCF,"Rue Beauvais, 56100 Lorient, France",Lorient-Merville,0 892 35 35 35,non,"travel_agency,service,point_of_interest",3.8,42,http://www.sncf.com/fr/boutique-LORIENT,47.7548824,-3.3669206999999997
Breizh key conciergerie & Consigne bagage,"60 Bd Cosmao Dumanoir, 56100 Lorient, France",Lorient-Merville,07 44 15 89 38,non,"real_estate_agency,storage,consultant",4.4,27,https://www.breizhkey.com/,47.7538159,-3.3676475999999997
Buro 56 Aménagement Lorient (Groupe Bretagne Buro),"85 Bd Cosmao Dumanoir, 56100 Lorient, France",Lorient-Merville,02 97 63 41 18,non,"wholesaler,furniture_store,home_improvement_store",4,1,https://www.bretagneburo-groupe.fr/,47.7536048,-3.3745551999999996
C,"24 Rue Paul Guieysse, 56100 Lorient, France",Lorient-Merville,02 90 61 31 69,non,"hair_salon,hair_care,service",4.7,149,,47.7569095,-3.3665247
CHAIGNEAU AUTOMOBILES - PEUGEOT,"38 Rue Jean-Baptiste Chaigneau, 56100 Lorient, France",Lorient-Merville,02 97 21 25 26,non,"auto_parts_store,car_repair,car_dealer",4.7,136,https://concessions.peugeot.fr/chaigneau-lorient,47.7554519,-3.3583632999999997
Camus sols /JC Pose,"8 Rue de Verdun, 56100 Lorient, France",Lorient-Merville,06 64 89 73 03,non,"general_contractor,furniture_store,home_improvement_store",5,7,https://www.facebook.com/profile.php?id=100042796757398,47.7575133,-3.3650697999999997
Chez Ringo,"3 Imp. de Normandie, 56100 Lorient, France",Lorient-Merville,06 66 07 84 34,non,"coffee_shop,cafe,food_store",3.6,7,,47.760367099999996,-3.3664235999999996
Chicken Sky,"89 Rue Paul Guieysse, 56100 Lorient, France",Lorient-Merville,02 97 56 18 59,non,"fast_food_restaurant,restaurant,food",4.3,423,https://chickensky.fr/,47.7576427,-3.3712088
Créations Virginie Couture,"5 Imp. de la cale, 56600 Lanester, France",Lorient-Merville,06 13 97 71 02,non,"clothing_store,service,store",,,,47.764390999999996,-3.3620511
Crêperie Ty Fañch,"135 Rue Paul Guieysse, 56100 Lorient, France",Lorient-Merville,09 85 12 48 48,non,"restaurant,food,point_of_interest",4.9,57,,47.757951600000005,-3.3740153000000004
Cuisinier Privé,"125 Rue Paul Guieysse, 56100 Lorient, France",Lorient-Merville,06 64 94 97 37,non,"catering_service,french_restaurant,meal_takeaway",4.9,295,https://cuisinier-prive.fr/,47.7578944,-3.3734379999999997
Des Bonheurs Simples by Sophie,"7 Rue Emile Bourdelle, 56100 Lorient, France",Lorient-Merville,,non,"clothing_store,home_goods_store,service",,,https://desbonheursimples.com/,47.7531348,-3.369944
Espace Coiffure,"8 Cr de Chazelles, 56100 Lorient, France",Lorient-Merville,02 97 21 27 49,non,"hair_salon,hair_care,service",5,30,,47.75658610000001,-3.363962
GOLDEN FASHION,"45 Rue Paul Guieysse, 56100 Lorient, France",Lorient-Merville,07 83 77 39 61,non,"womens_clothing_store,clothing_store,store",4.9,35,,47.7573776,-3.3684073999999997
Gisèle,"20 Rue Blaise Pascal, 56100 Lorient, France",Lorient-Merville,06 58 09 93 63,non,"womens_clothing_store,clothing_store,store",,,,47.7599411,-3.3783206
Hair Box,"38 Bd Cosmao Dumanoir, 56100 Lorient, France",Lorient-Merville,02 97 35 18 42,non,"hair_salon,hair_care,service",4.9,135,https://www.planity.com/hair-box-56100-lorient,47.7543344,-3.3653839999999997
Helios,"49 Rue Capitaine Blayo, 56100 Lorient, France",Lorient-Merville,02 97 76 60 87,non,"electronics_store,store,point_of_interest",,,,47.7611681,-3.3788893000000004
Help Micro - Certifié Apple et réparation informatique,"12 Rue François Robin, 56100 Lorient, France",Lorient-Merville,06 09 99 46 36,non,"electronics_store,service,store",4.8,73,https://www.helpmicro-lorient.com/,47.751837599999995,-3.3800475
Keryado,"17 Rue Madame de Sévigné, 56100 Lorient, France",Lorient-Merville,,non,"bakery,food_store,store",,,,47.7604238,-3.3752001999999997
Kuku Sushi,"87 Rue Paul Guieysse, 56100 Lorient, France",Lorient-Merville,07 51 57 57 54,non,"japanese_restaurant,restaurant,food",5,4,http://www.kukusushi.fr/,47.7576331,-3.3710272999999997
L'Ankara,"54 Rue de Verdun, 56100 Lorient, France",Lorient-Merville,,non,"bar,point_of_interest,establishment",3.3,3,,47.7596365,-3.3661111999999997
LA LORIENTAISE DES ENCRES,"1 Rue du Maréchal Foch, 56100 Lorient, France",Lorient-Merville,02 97 33 56 54,non,"supplier,electronics_store,service",4.4,69,http://lalorientaisedesencres.fr/,47.751400499999995,-3.3609301
LBM Distribution,"26 Cr de Chazelles, 56100 Lorient, France",Lorient-Merville,02 30 17 00 20,non,"electronics_store,home_goods_store,service",5,2,http://www.lbm-distribution.com/,47.7546283,-3.3625431999999997
La Banque Postale,"10 Pl. François Mitterrand, 56100 Lorient, France",Lorient-Merville,,non,"bank,finance,point_of_interest",3.8,13,https://www.labanquepostale.fr/particulier/localisation_bureau/resultat_localisation_bureau.detail.html/lorient-orientis-561210.html,47.7548047,-3.3674773
La Table Ronde,"120 Rue Paul Guieysse, 56100 Lorient, France",Lorient-Merville,06 60 18 35 84,non,"bar,point_of_interest,establishment",4,28,,47.757785999999996,-3.3746193000000004
Laurent Coiffure,"63 Rue Paul Guieysse, 56100 Lorient, France",Lorient-Merville,02 97 64 45 45,non,"hair_salon,hair_care,service",4.8,50,,47.7574002,-3.3693511
Le BarIkade - Penduff Didier,"52 Rue Paul Guieysse, 56100 Lorient, France",Lorient-Merville,,non,"bar,point_of_interest,establishment",4.8,73,,47.757233299999996,-3.3698344
Le Comptoir Immobilier,"39 Rue de la Villeneuve, 56100 Lorient, France",Lorient-Merville,02 97 87 00 01,non,"real_estate_agency,service,point_of_interest",,,,47.753605099999994,-3.3771578
Le Jardin Gourmand,"46 Rue Jules Simon, 56100 Lorient, France",Lorient-Merville,02 97 64 17 24,non,"french_restaurant,meal_takeaway,restaurant",4.8,667,https://www.lejardingourmandlorient.fr/,47.757549999999995,-3.3670389999999997
Le Nicot,"31 Rue Jules Simon, 56100 Lorient, France",Lorient-Merville,02 97 21 23 83,non,"bar,point_of_interest,establishment",3.5,31,,47.7571814,-3.3673023
Le Retour Aux Sources,"147 Rue Paul Guieysse, 56100 Lorient, France",Lorient-Merville,02 97 64 62 56,non,"bakery,food_store,store",4.7,467,,47.7580453,-3.3749297
Le Tantuni,"139 Rue Paul Guieysse, 56100 Lorient, France",Lorient-Merville,02 97 21 17 42,non,"kebab_shop,turkish_restaurant,restaurant",4.4,209,,47.7579418,-3.3742761999999997
Leicht Lorient,"36 Cr de Chazelles, 56100 Lorient, France",Lorient-Merville,02 97 32 39 46,non,"furniture_store,home_improvement_store,home_goods_store",4.8,32,http://www.lorient-cuisines.fr/,47.754011899999995,-3.3621676
Lp Coiffure,"Imp. de la Chapelle Saint-Christophe, 56100 Lorient, France",Lorient-Merville,,non,"hair_salon,hair_care,service",,,,47.759831999999996,-3.3657171999999997
MAAF Assurances,"50 Rue Braille 3ème étage, 56100 Lorient, France",Lorient-Merville,02 97 21 86 65,non,"insurance_agency,health,service",,,,47.7554258,-3.3704774
Micro Futur,"4 Bd Franchet d'Esperey, 56100 Lorient, France",Lorient-Merville,02 97 21 88 25,non,"electronics_store,service,store",4.6,159,https://microfutur.com/,47.753791899999996,-3.3657331
Mir’s coiffure L'orient,"51 Rue de Verdun, 56100 Lorient, France",Lorient-Merville,09 81 31 55 56,non,"hair_salon,hair_care,service",4.3,6,,47.759772299999995,-3.3656607999999997
Monceau Assurances - Cabinet Antoine Duran,"1 Rue Paul Guieysse, 56100 Lorient, France",Lorient-Merville,02 97 37 97 37,non,"insurance_agency,service,point_of_interest",4.5,28,https://www.duran-assurances.com/,47.757090999999996,-3.364786
Musicante,"Bd Maréchal Joffre, 56100 Lorient, France",Lorient-Merville,06 84 54 11 44,non,"electronics_store,store,point_of_interest",,,https://www.musicante.fr/,47.751816299999994,-3.3641826999999997
Nathalie JOUVANCE EI,"Résidence Quai Chazelles, 16 Cr de Chazelles, 56100 Lorient, France",Lorient-Merville,,non,"real_estate_agency,consultant,service",5,2,,47.7551845,-3.3629550999999998
Nosy - Explore Natural Islands,"13 Cr de Chazelles, 56100 Lorient, France",Lorient-Merville,07 82 32 46 41,non,"tour_agency,travel_agency,service",5,1,,47.754573,-3.3634239999999997
Ouest Media,"Boulevard Louis, Bd Franchet d'Esperey 00004, 56100 Lorient, France",Lorient-Merville,09 81 27 96 57,non,"electronics_store,store,point_of_interest",,,,47.7536766,-3.3657195
PRO BTP LORIENT,"28-30 Bd Cosmao Dumanoir, 56100 Lorient, France",Lorient-Merville,02 40 38 15 15,non,"insurance_agency,consultant,health",3.1,47,https://www.probtp.com/agence-conseil.html?id=agence-605&utm_source=gmb,47.754583,-3.3639061
Pharmacie Bergeun,"79 Rue de Belgique, 56100 Lorient, France",Lorient-Merville,02 97 83 72 36,non,"pharmacy,drugstore,consultant",4.1,28,https://pharmacies.pharmaciengiphar.com/bretagne/morbihan/lorient/pharmacie-de-keryado-176,47.7595586,-3.3804212
Pharmacie Vauban - Nicol,"20 Rue du Couëdic, 56100 Lorient, France",Lorient-Merville,02 97 64 37 79,non,"pharmacy,veterinary_care,drugstore",3.9,28,,47.7499931,-3.3634742
Pharmacie Victoria,"2 Bd Emmanuel Svob, 56100 Lorient, France",Lorient-Merville,02 97 21 05 86,non,"pharmacy,health,store",3.3,26,,47.7499391,-3.3669219999999997
Pharmacie de Kerentrech Totum,"26 Rue Paul Guieysse, 56100 Lorient, France",Lorient-Merville,02 97 64 34 75,non,"pharmacy,veterinary_care,drugstore",4.5,33,https://www.totum.fr/pharmacie/lorient-pharmacie-de-kerentrech,47.756893,-3.3668004999999996
Pharmacie du Bois du Château,"3 Rue Hector Berlioz, 56100 Lorient, France",Lorient-Merville,02 97 37 68 97,non,"pharmacy,health,service",3.3,31,http://www.pcmad.fr/pharmacie-bois-chateau-lorient,47.763312,-3.3789376
Photomaton,"les bulles du manio, 6 Rue de Belgique, 56100 Lorient, France",Lorient-Merville,09 70 82 32 46,non,"electronics_store,home_goods_store,service",,,https://www.photomaton.com/fr-fr/trouver-un-photomaton/l/lorient/6-rue-de-belgique/px0001cr,47.757971999999995,-3.37575
Photomaton,"Sncf, Pl. François Mitterrand, 56100 Lorient, France",Lorient-Merville,09 70 82 32 46,non,"electronics_store,home_goods_store,service",,,https://www.photomaton.com/fr-fr/trouver-un-photomaton/l/lorient/place-francois-mitterrand/56100000,47.7548575,-3.3667876
Photomaton,"Carrefour Market, 5 Bd Cosmao Dumanoir Cc L'orientis, 56100 Lorient, France",Lorient-Merville,09 70 82 32 46,non,"electronics_store,home_goods_store,service",,,https://www.photomaton.com/fr-fr/trouver-un-photomaton/l/lorient/5-boulevard-cosmao-dumanoir/56100020,47.7546931,-3.3650751999999997
Pizza du Pont,"1 Bd de Normandie, 56100 Lorient, France",Lorient-Merville,02 97 35 12 13,non,"meal_takeaway,pizza_restaurant,restaurant",3.3,236,http://pizzadupont.com/,47.7600422,-3.3665344
"Planet'Hair - Coiffeur, Salon de coiffure à Lorient","20 Cr de Chazelles, 56100 Lorient, France",Lorient-Merville,02 97 64 26 36,non,"hair_salon,hair_care,service",4.6,114,https://www.planethair-lorient.com/,47.754922099999995,-3.3627887
Point Compte-Nickel (à la Havane),"10 Bd Franchet d'Esperey, 56100 Lorient, France",Lorient-Merville,02 97 21 78 72,non,"bank,store,finance",1,4,http://www.compte-nickel.fr/,47.753316000000005,-3.3655915000000003
Point Nickel - TABAC KDAM,"3 Rue Hector Berlioz, 56100 Lorient, France",Lorient-Merville,,non,"atm,bank,finance",,,https://nickel.eu/fr/?utm_source=google&utm_medium=organic&utm_campaign=mybusiness&utm_content=93088635300018,47.763362199999996,-3.3791121
Point Nickel - TABAC LE HAVANE,"10 Bd Franchet d'Esperey, 56100 Lorient, France",Lorient-Merville,,non,"bank,atm,finance",,,https://nickel.eu/fr/?utm_source=google&utm_medium=organic&utm_campaign=mybusiness&utm_content=75267971200022,47.7533332,-3.3655923999999997
Projetpeinture,"3 Bd de Normandie, 56100 Lorient, France",Lorient-Merville,07 80 82 71 92,non,"painter,general_contractor,furniture_store",4.5,20,,47.759859999999996,-3.3667065
Resa Buro,"39, Rue de la Villeneuve, Ctre d'Affaires la Découverte, 56100 Lorient, France",Lorient-Merville,02 97 36 79 44,non,"business_center,real_estate_agency,service",5,1,,47.753653,-3.377564
SCGR Distribution,"5 Bd Cosmao Dumanoir, 56100 Lorient, France",Lorient-Merville,02 97 21 25 00,non,"supermarket,grocery_store,food_store",3.8,4,,47.754830899999995,-3.3639616
SENFRA ATS,"8 Rue Lizé, 56100 Lorient, France",Lorient-Merville,,non,"car_dealer,service,point_of_interest",4.7,6,,47.758367,-3.3730471
SESAME LIBRAIRIE,"34 Cr de Chazelles, 56100 Lorient, France",Lorient-Merville,02 97 64 36 43,non,"book_store,store,point_of_interest",4.7,161,,47.754083,-3.3622796999999998
Sacs et accessoires en matière recyclée - La Fée des Djinns,"Rue Paul Guieysse, 56100 Lorient, France",Lorient-Merville,06 12 76 81 58,non,"clothing_store,manufacturer,service",,,https://www.facebook.com/lafeedesdjinns/,47.7572586,-3.3697594
Sanctuaire,"81 Rue Paul Guieysse, 56100 Lorient, France",Lorient-Merville,02 97 30 93 72,non,"barber_shop,hair_salon,body_art_service",5,44,https://sanctuaire-lorient.fr/,47.7575873,-3.3705387000000004
Saphir store,"8B Bd de l'Eau Courante, 56100 Lorient, France",Lorient-Merville,07 66 68 56 27,non,"clothing_store,store,point_of_interest",,,https://www.saphirstore.shop/?utm_source=google&utm_medium=wix_google_business_profile&utm_campaign=15378409760050078066,47.7531713,-3.3676569
SnapCoupe,"salon de coiffure, 10 Rue Paul Guieysse, 56100 Lorient, France",Lorient-Merville,02 90 98 10 05,non,"hair_salon,hair_care,service",4.7,35,,47.7567752,-3.3655190999999998
Street food Tounsi,"23 Rue de Verdun, 56100 Lorient, France",Lorient-Merville,07 74 90 92 41,non,"restaurant,food,point_of_interest",5,2,,47.758276300000006,-3.3651206
Supermarché Istanbul,"1 Rue de la Mettrie, 56100 Lorient, France",Lorient-Merville,02 97 64 53 82,non,"supermarket,grocery_store,food_store",4.4,183,,47.7554148,-3.3612728
Trib's Gare de Lorient,"Gare SNCF, Rue Beauvais, 56100 Lorient, France",Lorient-Merville,02 97 11 81 24,non,"book_store,electronics_store,store",3.9,67,https://relay.com/stores/trib-s-boutique-gare-de-lorient/,47.754816,-3.3667279999999997
U Express et Drive,"87 Bd Cosmao Dumanoir, 56100 Lorient, France",Lorient-Merville,02 57 47 04 50,non,"supermarket,grocery_store,shipping_service",4,175,https://www.magasins-u.com/magasin/uexpress-lorient,47.7535258,-3.3753325
Universel coiffure,"31 Rue de Verdun, 56100 Lorient, France",Lorient-Merville,07 49 62 88 45,non,"hair_salon,hair_care,service",,,,47.7587036,-3.3652748000000003
Urban Hair SARL,"47 Rue Paul Guieysse, 56100 Lorient, France",Lorient-Merville,02 97 21 37 00,non,"hair_salon,hair_care,service",4.8,22,http://urbanhairsarl.site-solocal.com/,47.757342099999995,-3.3686127999999997
Villa Florale,"57 Cr de Chazelles, 56100 Lorient, France",Lorient-Merville,02 97 21 52 32,non,"florist,store,point_of_interest",4.4,105,http://www.villaflorale.fr/,47.751844,-3.361419
Voyages Coopératifs,"1 Rue Beauvais, 56100 Lorient, France",Lorient-Merville,02 97 21 51 29,non,"travel_agency,service,point_of_interest",4.2,16,http://www.voyagescooperatifs.com/,47.7561239,-3.3646496
Wojo Coworking Lorient - Ibis Centre Gare,"9 Cr de Chazelles, 56100 Lorient, France",Lorient-Merville,02 97 35 20 20,non,"coworking_space,business_center,cafeteria",,,https://www.wojo.com/fr-FR/espaces-de-travail/wojo-lorient-ibis-centre-gare,47.755329100000004,-3.3639457999999998
.,"10c Bd du Général Leclerc, 56100 Lorient, France",Lorient-centre,07 87 60 32 04,non,"consultant,point_of_interest,real_estate_agency",,,https://www.drhouse-immo.com/conseiller-immobilier/lorient/gaelle-le-bihannic,47.7495277,-3.366484
AG2R LA MONDIALE - Agence Lorient,"1 Rue de Liège, 56100 Lorient, France",Lorient-centre,,non,"insurance_agency,point_of_interest,service",1.9,21,https://www.ag2rlamondiale.fr/agences/lorient?utm_source=google-my-business&utm_medium=organic,47.7490539,-3.3637831
ASSU 2000 Lorient,"2 Rue du Couëdic, 56100 Lorient, France",Lorient-centre,01 48 10 46 96,non,"insurance_agency,health,point_of_interest",4.9,75,https://agence.assu2000.fr/lorient/agence-assu-2000-lorient-TI0000002196,47.7487746,-3.3643902
AUDITION CONSEIL LORIENT,"1 Bd du Général Leclerc, 56100 Lorient, France",Lorient-centre,02 97 82 45 13,non,"electronics_store,doctor,store",5,16,"https://www.auditionconseil.fr/audioprothesiste/lorient/#:~:text=Elle%20vous%20re%C3%A7oit%20dans%20son,aides%20auditives%20les%20plus%20performantes.",47.7484664,-3.3657062
Agence Havas Voyages Lorient | Espace Club Med,"1 Pl. Aristide Briand, 56100 Lorient, France",Lorient-centre,02 97 21 59 32,non,"travel_agency,tour_agency,point_of_interest",4.6,65,https://www.havas-voyages.fr/,47.747875799999996,-3.3638670999999998
Agence MACSF Lorient (Uniquement sur RDV),"5 Pl. de la Libération, 56100 Lorient, France",Lorient-centre,01 71 14 32 33,non,"insurance_agency,point_of_interest,service",4.5,11,https://www.macsf.fr/,47.750418599999996,-3.3650316
Athalia Voyages,"4 Av. du Faouédic, 56100 Lorient, France",Lorient-centre,02 97 21 17 17,non,"travel_agency,point_of_interest,service",4.7,60,,47.748224199999996,-3.3647348999999998
Au Vent des Mots,"7 Rue du Port, 56100 Lorient, France",Lorient-centre,02 97 84 16 50,non,"book_store,store,point_of_interest",4.4,365,http://www.auventdesmots.fr/,47.747841199999996,-3.3625915
Audioprothésiste Entendre Lorient,"13 Pl. Alsace Lorraine, 56100 Lorient, France",Lorient-centre,02 49 88 32 08,non,"electronics_store,doctor,store",4.9,60,https://www.entendre-lorient-centre.fr/,47.7501988,-3.3615671999999996
BOUYGUES TELECOM LORIENT,"1 Pl. Aristide Briand, 56100 Lorient, France",Lorient-centre,09 86 01 02 34,non,"cell_phone_store,telecommunications_service_provider,electronics_store",4.8,1003,https://boutiques.bouyguestelecom.fr/bouyguestelecom/fr/boutique/france/bretagne/morbihan/lorient/lorient/9932414?utm_source=GMB&utm_campaign=Multidiffusion&utm_medium=local&utm_content=9932414&origin=GMB,47.7479108,-3.3639834
Bar Le Parisien,"15 Rue Léo le Bourgo, 56100 Lorient, France",Lorient-centre,02 56 54 58 61,non,"bar,point_of_interest,establishment",4.3,240,https://www.facebook.com/leparisienlorient/,47.7484507,-3.3644393
Barraine Immo - Agence immobilière à Lorient-Mairie,"13 bis Bd du Général Leclerc, 56100 Lorient, France",Lorient-centre,02 97 55 90 84,non,"real_estate_agency,consultant,finance",4.6,227,https://www.barraine-immo.com/agences/barraine-immo-agence-immobiliere-a-lorient-mairie/,47.7487596,-3.3653872999999996
Brin d'herbe Fleuriste Lorient,"7 Rue Victor Masse, 56100 Lorient, France",Lorient-centre,02 97 78 17 22,non,"florist,store,point_of_interest",4.9,27,https://brindherbe-fleuriste56.e-monsite.com/,47.750505999999994,-3.3615014
By Sophie,"6 Rue Léo le Bourgo, 56100 Lorient, France",Lorient-centre,02 97 21 85 13,non,"hair_salon,hair_care,point_of_interest",5,9,,47.7487317,-3.3648499999999997
C&C Lorient - Apple Premium Reseller et Centre de Services Agréé,"30 Rue du Port, 56100 Lorient, France",Lorient-centre,02 97 84 80 10,non,"cell_phone_store,electronics_store,store",3.8,254,https://www.cec.fr/?utm_source=gmb,47.7478376,-3.3618535
CCF Lorient,"25 Bd du Général Leclerc, 56100 Lorient, France",Lorient-centre,02 97 87 40 41,non,"bank,consultant,finance",4.9,33,https://agences.ccf.fr/fr/france-FR/218/ccf-lorient/details,47.749950999999996,-3.3660959999999998
CESAR LORIENT by Merano Intérieur,"12 Rue des Fontaines, 56100 Lorient, France",Lorient-centre,09 87 16 05 92,non,"furniture_store,home_improvement_store,home_goods_store",5,11,https://www.meranointerieur.fr/,47.748974,-3.3603616
CIVEL,"25 Rue Olivier de Clisson, 56100 Lorient, France",Lorient-centre,02 97 21 10 85,non,"furniture_store,home_improvement_store,home_goods_store",3.7,28,http://www.civel.fr/,47.751289299999996,-3.3640995000000005
COMPTOIR NATIONAL DE L'OR - Lorient,"15 Bd du Général Leclerc, 56100 Lorient, France",Lorient-centre,07 60 91 64 52,non,"jewelry_store,consultant,finance",5,32,https://www.gold.fr/comptoirsachatventeor/lorient/?utm_source=gmb,47.7490272,-3.365547
Camille Albane,"2 Rue Léo le Bourgo, 56100 Lorient, France",Lorient-centre,02 97 21 04 44,non,"hair_salon,hair_care,point_of_interest",4.7,66,https://salon.camillealbane.com/coiffeur/lorient-ca/,47.7488622,-3.3651939
Century 21 Immobilier Diffusion Lorient,"7 Bd du Général Leclerc, 56100 Lorient, France",Lorient-centre,02 97 21 82 47,non,"real_estate_agency,point_of_interest,service",3.7,79,http://www.century21-immo-diff-lorient.com/?utm_source=google_business&utm_medium=bouton_fiche_agence&utm_campaign=century-21-immobilier-diffusion-lorient,47.748371999999996,-3.3651359999999997
Chic Choc Coiffure Esthétique,"4C Pl. de la Libération, 56100 Lorient, France",Lorient-centre,02 97 11 79 74,non,"hair_salon,beauty_salon,hair_care",4.8,168,http://www.chicchoccoiffure.fr/,47.7500784,-3.3656097999999997
Cosmetiques Dietetique Du Bio Au Nature,"56100 Lorient, France",Lorient-centre,,non,"pharmacy,store,health",,,,47.7469378,-3.3609953
Crédit Coopératif,"10 Bd Emmanuel Svob, 56100 Lorient, France",Lorient-centre,02 57 90 00 02,non,"bank,finance,association_or_organization",4.2,29,https://agences.credit-cooperatif.coop/banque/agences/agence-de-lorient-id00057,47.750335,-3.3674234
Crédit Mutuel de Bretagne LORIENT PORTE DES INDES,"Pl. de la Libération, 56100 Lorient, France",Lorient-centre,02 97 64 03 60,non,"bank,atm,insurance_agency",4.6,282,https://www.cmb.fr/reseau-bancaire-cooperatif/web/recherche-agence-credit-mutuel-de-bretagne/morbihan/lorient/lorient-porte-des-indes-56100,47.7506038,-3.3655152999999998
Cuisines & Rangements par Annick Joncour,"44 Rue du Maréchal Foch, 56100 Lorient, France",Lorient-centre,02 97 78 76 24,non,"furniture_store,home_improvement_store,home_goods_store",4.7,22,http://cuisines-et-rangements.com/,47.7497585,-3.3594926
Cuisines Frédéric Louët - Cuisines Haut de Gamme NOLTE à Lorient,"58 Rue du Maréchal Foch, 56100 Lorient, France",Lorient-centre,02 97 35 10 96,non,"french_restaurant,european_restaurant,furniture_store",4.8,30,https://cuisiniste-lorient.fr/,47.7492343,-3.3592125
Cuisines et vous,"35 Rue du Maréchal Foch, 56100 Lorient, France",Lorient-centre,02 97 85 10 34,non,"furniture_store,home_improvement_store,home_goods_store",4.5,16,https://www.cuisinesetvous.com/,47.749390299999995,-3.3596429
Culinarion | LORIENT,"32 Rue de Liège, 56100 Lorient, France",Lorient-centre,02 97 21 03 04,non,"furniture_store,home_improvement_store,home_goods_store",4.3,60,http://www.culinarion.com/magasins/voir/5014,47.7482598,-3.3611665
Design hair,"15 Rue Léo le Bourgo, 56100 Lorient, France",Lorient-centre,02 97 64 36 49,non,"hair_salon,hair_care,point_of_interest",4.7,96,https://www.instagram.com/designhairlorient/,47.748467399999996,-3.3644982999999997
Donuts gang,"6 Av. du Faouédic, 56100 Lorient, France",Lorient-centre,09 54 41 04 58,non,"donut_shop,bakery,food_store",4.9,22,,47.7483547,-3.3646428
EAT SUSHI Lorient,"3 Pl. Aristide Briand, 56100 Lorient, France",Lorient-centre,02 97 30 38 38,non,"japanese_restaurant,asian_restaurant,sushi_restaurant",4.5,2119,http://www.eatsushi.fr/,47.747959599999994,-3.3641387999999997
Ed’A Barber Lorient,"11 Bd du Général Leclerc, 56100 Lorient, France",Lorient-centre,09 51 91 93 36,non,"hair_salon,hair_care,point_of_interest",3.6,62,,47.748560499999996,-3.3653231
Espace Nayel,"11 Rue Auguste Nayel, 56100 Lorient, France",Lorient-centre,02 97 35 25 84,non,"shopping_mall,gift_shop,department_store",3.5,1852,,47.7468071,-3.3613919
Evasion,"9 Pl. Aristide Briand, 56100 Lorient, France",Lorient-centre,02 97 21 77 76,non,"sportswear_store,clothing_store,sporting_goods_store",4.7,55,,47.7485752,-3.3637967
Flying Tiger Copenhagen,"40 Rue du Port, 56100 Lorient, France",Lorient-centre,09 62 57 44 80,non,"gift_shop,discount_store,toy_store",4.3,203,https://flyingtiger.com/pages/store-locator?utm_source=Google&utm_medium=Store+Locator+Traffic&utm_campaign=Uberall&utm_id=Uberall#!/l/fr/lorient/40-rue-du-port/fr04009,47.747648899999994,-3.3613325
Foot Locker,"1, Rue du, Av. du Faouédic, 56100 Lorient, France",Lorient-centre,02 57 58 00 31,non,"shoe_store,sportswear_store,clothing_store",4,223,https://stores.footlocker.fr/fr/fr-e/lorient/1-rue-du-faouedic-271_31_05182.html,47.7479015,-3.3643578
Fracas : Librairie indépendante ¬ Atelier de céramique ¬ Café,"11 Rue Auguste Nayel, 56100 Lorient, France",Lorient-centre,02 97 85 35 32,non,"book_store,coffee_shop,cafe",5,87,http://www.fracas.bzh/,47.7470216,-3.3612113
GEMMAE,"7 Rue Léo le Bourgo, 56100 Lorient, France",Lorient-centre,09 70 91 27 34,non,"jewelry_store,store,point_of_interest",5,1,https://www.facebook.com/Gemmaelorient/?fref=ts,47.7486496,-3.3650271999999997
HAIR ATTITUDE,"14 Bd Emmanuel Svob, 56100 Lorient, France",Lorient-centre,09 51 31 10 95,non,"hair_salon,hair_care,point_of_interest",4.8,41,,47.750455599999995,-3.3677186999999997
Hair Universal À Lorient 56100,"16 Bd Emmanuel Svob, 56100 Lorient, France",Lorient-centre,06 98 87 06 06,non,"hair_salon,hair_care,point_of_interest",4.4,40,,47.750511599999996,-3.3677555
Hippie Chic - Magasin de vêtements femmes Lorient,"13 Rue Vauban, 56100 Lorient, France",Lorient-centre,02 97 84 48 31,non,"womens_clothing_store,clothing_store,store",4.6,144,https://hippiechic-boutique.com/,47.7503193,-3.3647069
Home Partner La Conciergerie de LORIENT,"2 Av. du Faouédic, 56100 Lorient, France",Lorient-centre,07 86 52 36 12,non,"travel_agency,point_of_interest,real_estate_agency",5,15,http://www.homepart.net/lorient,47.748090399999995,-3.3649845
Info Jeunes Lorient (BIJ),"Esplanade Du Moustoir, Rue Sarah Bernhardt, 56100 Lorient, France",Lorient-centre,02 97 84 84 57,non,"visitor_center,tourist_information_center,non_profit_organization",5,11,https://www.infojeuneslorient.org/,47.7481137,-3.3675279
Japanim Lorient,"4 Rue des Fontaines, 56100 Lorient, France",Lorient-centre,09 81 26 98 83,non,"store,toy_store,book_store",4.7,282,https://japanim.com/,47.7491164,-3.3607677999999996
Joya,"11 Rue Léo le Bourgo, 56100 Lorient, France",Lorient-centre,09 71 46 37 86,non,"jewelry_store,store,point_of_interest",4.8,24,,47.748534199999995,-3.3648523000000004
Jérôme Le Teuff Pâtissier Chocolatier Lorient,"4 Rue Joseph Rollo, 56100 Lorient, France",Lorient-centre,02 97 21 08 81,non,"pastry_shop,chocolate_shop,candy_store",4.5,211,http://www.jeromeleteuff.fr/,47.748906299999994,-3.3643373999999997
K'PITAL,"1 Av. Anatole France, 56100 Lorient, France",Lorient-centre,02 97 06 37 31,non,"restaurant,taco_restaurant,kebab_shop",3.4,348,https://kpital56.fr/,47.7470497,-3.3664905000000003
L'Aromate - Bar à Salades,"2 Av. du Faouédic, 56100 Lorient, France",Lorient-centre,09 50 12 23 44,non,"fast_food_restaurant,salad_shop,catering_service",4.6,95,https://www.laromate-resto.fr/,47.748124999999995,-3.3649986000000003
L'Immobilière d'Entreprise,"9 Bd du Général Leclerc, 56100 Lorient, France",Lorient-centre,02 97 84 12 34,non,"real_estate_agency,point_of_interest,service",4.5,8,https://www.immobiliere-entreprise.fr/,47.748484,-3.365278
L'escale grill,"8 Av. du Faouédic, 56100 Lorient, France",Lorient-centre,09 84 42 55 00,non,"kebab_shop,hamburger_restaurant,american_restaurant",3.8,157,,47.7484265,-3.3645799999999997
L'épicerie by Louise.,"2 Rue Léo le Bourgo, 56100 Lorient, France",Lorient-centre,02 97 84 72 12,non,"grocery_store,deli,building_materials_store",,,,47.748835299999996,-3.3651042
LE BEC Immobilier Lorient,"4 Pl. Jules Ferry, 56100 Lorient, France",Lorient-centre,02 97 21 30 59,non,"real_estate_agency,general_contractor,point_of_interest",4.5,175,http://www.lebec-lorient.com/,47.7476093,-3.364322
LE LODGE Bar & Brasserie,"5 Pl. Aristide Briand, 56100 Lorient, France",Lorient-centre,09 54 75 32 65,non,"bar,coffee_shop,cafe",4.5,183,,47.748613399999996,-3.3644730999999997
LYZO,"4 Rue de Liège, 56100 Lorient, France",Lorient-centre,07 49 11 88 87,non,"clothing_store,store,point_of_interest",,,https://www.tiktok.com/@lyzofaisal?_r=1&_t=ZN-92vWRh95xp8,47.7491738,-3.3635802
La Petite Rue à Bora Bora,"11 Rue Léo le Bourgo, 56100 Lorient, France",Lorient-centre,02 97 86 12 74,non,"womens_clothing_store,clothing_store,store",4.9,34,,47.7486526,-3.3644346
Lazeo Lorient,"5 Pl. Aristide Briand, 56100 Lorient, France",Lorient-centre,02 57 67 05 57,non,"beauty_salon,hair_care,medical_clinic",4.8,155,https://www.lazeo.com/centres/lazeo-lorient/,47.748683899999996,-3.3641533999999997
Le Clos Margaux LORIENT,"8 Rue Léo le Bourgo, 56100 Lorient, France",Lorient-centre,02 97 64 57 51,non,"restaurant,french_restaurant,food",4.7,774,http://www.leclosmargaux.fr/,47.748683,-3.3646939999999996
Le Nemrut kebab,"8 Bd du Général Leclerc, 56100 Lorient, France",Lorient-centre,09 80 71 91 60,non,"turkish_restaurant,taco_restaurant,kebab_shop",4,786,,47.749308,-3.3662896
Le Palladium,"1 Parv. du Grand Théâtre, 56100 Lorient, France",Lorient-centre,02 97 37 74 19,non,"bar,restaurant,food",,,,47.747994899999995,-3.3667479
Le Surcouf,"12 bd Général Philippe Leclerc, 56100 Lorient, France",Lorient-centre,,non,"post_office,shipping_service,bar",4,95,,47.749769,-3.3666955
Louise. ( Restaurant & Cave à vin - Épicerie fine ),"4 Rue Léo le Bourgo, 56100 Lorient, France",Lorient-centre,02 97 84 72 12,non,"fine_dining_restaurant,deli,french_restaurant",4.9,636,http://restaurantlouise.fr/,47.748774399999995,-3.3649495999999997
MELODYKEYS,"31 Rue des Fontaines, 56100 Lorient, France",Lorient-centre,06 09 07 39 46,non,"car_dealer,store,point_of_interest",,,,47.747804099999996,-3.3593550999999997
MOD'AICHA,"19 Bd du Général Leclerc, 56100 Lorient, France",Lorient-centre,07 87 43 56 28,non,"clothing_store,store,point_of_interest",5,5,https://www.instagram.com/modaicha56/,47.749405499999995,-3.3657660999999996
MONOPRIX,"Espace Nayel"" Centre Commercial, 56100 Lorient, France",Lorient-centre,02 97 87 72 20,non,"supermarket,hypermarket,department_store",3.8,219,https://www.monoprix.fr/1360.html,47.747285999999995,-3.3624909
Magistral,"1 Av. Anatole France, 56100 Lorient, France",Lorient-centre,,non,"fast_food_restaurant,restaurant,food",4,1,,47.7469166,-3.3667594
Mijo Cuisine,"Chez Cuisines et vous, 35 Rue du Maréchal Foch, 56100 Lorient, France",Lorient-centre,02 97 85 10 34,non,"furniture_store,home_improvement_store,home_goods_store",5,1,http://www.mijocuisine.fr/,47.749390299999995,-3.3596429
Mino,"13 Rue Léo le Bourgo, 56100 Lorient, France",Lorient-centre,02 97 21 41 30,non,"clothing_store,store,point_of_interest",2.8,13,,47.748562799999995,-3.3647087000000004
Momie Lorient,"11 Rue de l'Assemblée nationale, 56100 Lorient, France",Lorient-centre,02 59 16 24 20,non,"book_store,store,point_of_interest",5,57,https://www.momie.fr/,47.7489223,-3.3627411
Morgan Gendreau - Conseillère immobilier -Le Bec Immobilier Lorient,"4 Pl. Jules Ferry, 56100 Lorient, France",Lorient-centre,06 49 61 54 50,non,"consultant,point_of_interest,real_estate_agency",5,11,https://www.lebec-lorient.com/,47.7476084,-3.3643905999999997
NOX LORIENT,"40 Rue du Maréchal Foch, 56100 Lorient, France",Lorient-centre,02 97 21 25 50,non,"furniture_store,home_improvement_store,home_goods_store",4.3,61,http://noxdeco.com/,47.749886,-3.359677
O sole mio,"Halles de Merville, 10 Bd du Général Leclerc, 56100 Lorient, France",Lorient-centre,02 97 83 17 96,non,"italian_restaurant,restaurant,food",4.7,70,,47.749610499999996,-3.3664622
OLLARIS Immobilier,"19 Bd du Général Leclerc, 56100 Lorient, France",Lorient-centre,06 63 02 57 88,non,"real_estate_agency,point_of_interest,service",5,4,http://ollaris.fr/,47.7494413,-3.3658053
PHOTO AN ORIANT / CAMARA LORIENT,"13 Pl. Alsace Lorraine, 56100 Lorient, France",Lorient-centre,02 97 21 22 24,non,"electronics_store,home_goods_store,store",4.5,264,https://www.photoanoriant.com/,47.750130299999995,-3.3615182
Pharmacie Filorga,"Pl. Aristide Briand, 56100 Lorient, France",Lorient-centre,,non,"pharmacy,store,health",3,2,,47.7480772,-3.3635078999999997
Pharmacie Jahier-Billoir,"13 Pl. Alsace Lorraine, 56100 Lorient, France",Lorient-centre,02 97 21 14 61,non,"pharmacy,store,health",4,35,,47.7501811,-3.3616889999999997
Pharmacie Robinet,"19 Pl. Aristide Briand, 56100 Lorient, France",Lorient-centre,,non,"pharmacy,store,health",1.8,5,,47.748006700000005,-3.3633347
Pharmacie des Halles,"4 Av. Anatole France, 56100 Lorient, France",Lorient-centre,02 97 64 14 54,non,"pharmacy,store,health",4.5,4,,47.746397699999996,-3.3664585999999996
Photomaton,"MONOPRIX, Cc Espace Nayel, Quai des Indes, 56100 Lorient, France",Lorient-centre,09 70 82 32 46,non,"electronics_store,home_goods_store,store",3,3,https://www.photomaton.com/fr-fr/trouver-un-photomaton/l/lorient/quai-des-indes/56100032,47.746865799999995,-3.3621630999999996
Pierre de Lune,"5 Rue du Couëdic, 56100 Lorient, France",Lorient-centre,02 97 84 96 07,non,"jewelry_store,store,point_of_interest",4.5,68,https://www.facebook.com/BijouxPierredelune/?ref=hl,47.748880199999995,-3.3640320000000004
Ruz,"3 Rue du Couëdic, 56100 Lorient, France",Lorient-centre,09 56 54 96 06,non,"wine_bar,coffee_shop,cafe",4.9,18,,47.748791399999995,-3.3640661
"Salvador - Déco, antiquités, art de la table, galerie d'art","7 Rue Léo le Bourgo, 56100 Lorient, France",Lorient-centre,02 97 35 01 93,non,"art_gallery,jewelry_store,furniture_store",4.7,30,https://salvadordeco-lorient.jimdofree.com/,47.7486496,-3.3650271999999997
Selectour - Celtea Voyages,"6 Av. du Faouédic, 56100 Lorient, France",Lorient-centre,02 97 64 53 53,non,"travel_agency,car_rental,transportation_service",4.8,65,https://www.celtea-voyages.fr/,47.748287999999995,-3.364655
Square Habitat Lorient,"14 Bd du Général Leclerc, 56100 Lorient, France",Lorient-centre,02 97 21 93 21,non,"real_estate_agency,association_or_organization,point_of_interest",4,47,https://www.squarehabitat.fr/square-habitat-bretagne/nos-agences-immobilieres/morbihan/lorient-56100/agence/lorient-square-habitat,47.749879799999995,-3.3667227
Tapis Vintage - Galerie de Liège Lorient,"59 Rue de Liège, 56100 Lorient, France",Lorient-centre,06 23 87 24 88,non,"laundry,furniture_store,home_improvement_store",5,5,https://www.tapis-deco-vintage.com/,47.7475052,-3.3598206
Transakauto Lorient,"30 Bd Léon Blum, 56100 Lorient, France",Lorient-centre,06 61 09 85 21,non,"service,car_dealer,store",4.6,138,https://www.transakauto.com/agences/43982,47.7498838,-3.3727571
AB Immo,"7 Rue Saint-Bieuzy, 56270 Ploemeur, France",Ploemeur,02 97 82 98 13,non,"real_estate_agency,service,point_of_interest",4.8,93,http://www.ab-immo.fr/,47.7359228,-3.4286212999999996
AUTO-OCCASION,"10 Rue Agnès de la Barre de Nanteuil, 56100 Lorient, France",Ploemeur,07 48 67 39 58,non,"car_dealer,store,point_of_interest",,,,47.7389815,-3.3943512
AXA Assurance et Banque Yannick Danielou,"17 Rue de Larmor, 56270 Ploemeur, France",Ploemeur,02 97 86 77 77,non,"insurance_agency,health,service",4.8,117,https://agence.axa.fr/distributeur/0004203204?utm_campaign=Multidiffusion&utm_content=0004203204&utm_medium=local&utm_source=GMB,47.73538,-3.42561
Agence Groupama Ploemeur,"9 Rue de Larmor, 56270 Ploemeur, France",Ploemeur,02 97 86 31 14,non,"insurance_agency,bank,health",4.9,13,https://agences.groupama.fr/assurance/loire-bretagne/agence-groupama-ploemeur-idLBR58162?lm=fiche-etablissement-google_lbr_ploemeur_page,47.7358985,-3.4266465
Agence Immo,"22 Pl. de l'Église, 56270 Ploemeur, France",Ploemeur,02 97 86 69 69,non,"real_estate_agency,service,point_of_interest",4.6,5,,47.7362252,-3.4274267
Agence de Ploemeur - Office de Tourisme de Lorient Agglomération,"11 Rue de Kervam, 56270 Ploemeur, France",Ploemeur,02 97 84 78 00,non,"tourist_information_center,visitor_center,tour_agency",4.5,50,http://www.lorientbretagnesudtourisme.fr/,47.7352214,-3.4277355
Agence immobilière Century21 Ploemeur Immobilier,"5 Pl. Jean Falquerho, 56270 Ploemeur, France",Ploemeur,02 97 85 20 35,non,"real_estate_agency,health,finance",4.9,200,https://www.century21-pi-ploemeur.com/?utm_source=google_business&utm_medium=bouton_fiche_agence&utm_campaign=century-21-pi-ploemeur,47.736755699999996,-3.4287777
Alain Vêtements - Vêtements Hommes Ploemeur,"Mail Republique, place de Bretagne centre commercial, carrefour market, face sortie, 56270 Ploemeur, France",Ploemeur,02 97 86 74 91,non,"clothing_store,store,point_of_interest",4.1,14,https://alainvetements.fr/,47.733756199999995,-3.4290931
Alarmor,"Pl. des Forces Françaises Libres, 56270 Ploemeur, France",Ploemeur,06 50 19 29 04,non,"electrician,electronics_store,store",4.6,25,http://www.alarmor.net/,47.73543,-3.4282559999999997
Art et Création,"24 Pl. de l'Église, 56270 Ploemeur, France",Ploemeur,02 97 85 20 66,non,"hair_salon,hair_care,service",4.2,11,,47.7363222,-3.4269936999999997
Autres Shoes,"14 Rue de Kervam, 56270 Ploemeur, France",Ploemeur,02 97 32 39 23,non,"shoe_store,store,point_of_interest",5,8,https://www.l-empreinte-chaussure.com/,47.734969799999995,-3.4271621
Banque Populaire Grand Ouest,"4 Rue de Larmor, 56270 Ploemeur, France",Ploemeur,02 72 96 06 90,non,"bank,finance,point_of_interest",4.4,53,https://www.banquepopulaire.fr/bpgo/,47.7361194,-3.4265318
Bar PMU Le Terminus,"2 Pl. de l'Église, 56270 Ploemeur, France",Ploemeur,02 97 86 32 34,non,"bar,point_of_interest,establishment",4.3,174,,47.736621899999996,-3.4270307000000004
Bizoù Caillou,"22 Pl. de l'Église, 56270 Ploemeur, France",Ploemeur,02 97 35 43 21,non,"jewelry_store,store,point_of_interest",4.5,65,https://www.instagram.com/bizoucaillou/,47.736228,-3.4274898
CARIOU CUISINE DECO,"4 Imp. de la Pérouse, 56270 Ploemeur, France",Ploemeur,06 82 59 46 57,non,"furniture_store,home_improvement_store,home_goods_store",5,3,,47.74258950000001,-3.4036784
CHEZ MON COIFFEUR - PLOEMEUR,"1 Rue Sainte-Anne, 56270 Ploemeur, France",Ploemeur,02 97 86 09 09,non,"hair_salon,hair_care,service",4.5,108,http://chez-mon-coiffeur.fr/,47.736531,-3.426942
CIC,"9 Rue Sainte-Anne, 56270 Ploemeur, France",Ploemeur,02 97 78 54 05,non,"bank,telecommunications_service_provider,insurance_agency",4,7,https://www.cic.fr/fr/agence/bretagne/morbihan/30047-14047-06?y_source=1_MTQxNjEzMjYtNzE1LWxvY2F0aW9uLndlYnNpdGU%3D,47.7365098,-3.4262471999999997
Cafe de L Eglise,"4 Pl. de l'Église, 56270 Ploemeur, France",Ploemeur,09 83 34 92 51,non,"bar,point_of_interest,establishment",4.4,124,,47.7367809,-3.4274019
Citroën SNPA Concession,"2 Rue Louis, Rue Louis Jean-Baptiste Lépine, 56270 Ploemeur, France",Ploemeur,02 97 12 77 00,non,"car_dealer,car_repair,store",4.4,158,https://reseau.citroen.fr/reparateur/ploemeur,47.728859,-3.414587
Clinique Vétérinaire Anicoon Ploemeur,"17 Rue Saint-Bieuzy, 56270 Ploemeur, France",Ploemeur,02 97 86 00 67,non,"veterinary_care,pharmacy,store",4.5,278,https://anicoon.fr/,47.7353568,-3.4294854999999997
Coiffeur visagiste Feeling,"6 Rue de Kervam, 56270 Ploemeur, France",Ploemeur,02 97 85 22 94,non,"hair_salon,hair_care,beauty_salon",4.4,64,https://www.feeling-coiffure.com/,47.736113599999996,-3.4274514999999997
Crysalid,"Place de Bretagne, 56270 Ploemeur, France",Ploemeur,02 97 86 09 75,non,"womens_clothing_store,clothing_store,store",4.9,11,https://www.facebook.com/crysalidPloemeur/,47.7346825,-3.4289668000000004
Crédit Maritime Grand Ouest,"21 Place de l''Eglise, 56270 Ploemeur, France",Ploemeur,02 72 96 06 90,non,"bank,atm,finance",5,1,https://www.banquepopulaire.fr/cmgo/,47.7363581,-3.4277737999999998
Crédit Mutuel de Bretagne PLOEMEUR,"Pl. de l'Église, 56270 Ploemeur, France",Ploemeur,02 97 86 49 00,non,"bank,atm,insurance_agency",4.5,102,https://www.cmb.fr/reseau-bancaire-cooperatif/web/recherche-agence-credit-mutuel-de-bretagne/morbihan/ploemeur/ploemeur-56270,47.73617,-3.4272039999999997
Cuisine Création,"56270 Ploemeur, France",Ploemeur,,non,"furniture_store,home_improvement_store,home_goods_store",4,1,,47.7316273,-3.4196383
DAVID PAYSAGE PISCINE - SPA - LORIENT - PLOEMEUR,"1 Rue François Kergoat, 56270 Ploemeur, France",Ploemeur,02 97 48 38 93,non,"swimming_pool,furniture_store,home_improvement_store",5,7,https://www.david-paysage.bzh/,47.7309688,-3.4185231000000003
Dolce Italia,"8 Rue d'Argoat, 56270 Ploemeur, France",Ploemeur,02 97 86 01 08,non,"italian_restaurant,pizza_restaurant,restaurant",4.1,205,https://www.dolceitalia.fr/,47.7341116,-3.4295894
Drean Pascal,"20 Pl. de l'Église, 56270 Ploemeur, France",Ploemeur,02 97 86 28 48,non,"bakery,food_store,store",4.1,171,,47.736261299999995,-3.4279945000000005
Ecume Givrée,"06 Rue Sainte-Anne, 56270 Ploemeur, France",Ploemeur,02 97 86 32 90,non,"family_restaurant,catering_service,french_restaurant",4.7,446,https://www.ecume-givree-restaurant-ploemeur.fr/,47.7367585,-3.4266802
Eden Tour - Ploemeur réseau Sélectour,"10 Pl. de l'Église, 56270 Ploemeur, France",Ploemeur,02 97 82 54 74,non,"tour_agency,travel_agency,service",4.7,79,https://agence.edentour.com/3-eden-tour-ploemeur-reseau-selectour?utm_source=gmb,47.7368323,-3.4281256
Elo les Délices,"24 Pl. de l'Église, 56270 Ploemeur, France",Ploemeur,06 10 84 43 67,non,"pastry_shop,bakery,dessert_shop",5,17,http://elolesdelices.fr/,47.7363222,-3.4269936999999997
FEUILLES ET FLEURS PLOEMEUR,"8 Rue de Kervam, 56270 Ploemeur, France",Ploemeur,09 84 20 69 89,non,"florist,store,point_of_interest",4.3,72,http://feuillesetfleurs.com/,47.7361094,-3.4275403
Franck reland immobilier,"25 Pl. de l'Église, 56270 Ploemeur, France",Ploemeur,02 97 86 47 40,non,"real_estate_agency,service,point_of_interest",,,,47.7364447,-3.4269601000000005
Glazen institut,"Pl. Marcel Dassault, 56270 Ploemeur, France",Ploemeur,06 50 89 15 91,non,"beauty_salon,massage_spa,hair_care",5,26,https://glazen.kalendes.com/,47.7339899,-3.4245983
Informatique Telecomm,"6 Centre Cial Ter, 56100 Lorient, France",Ploemeur,02 97 85 21 37,non,"electronics_store,store,point_of_interest",,,,47.734327,-3.390577
Joaillerie Elor,"2 Rue Saint-Bieuzy, 56270 Ploemeur, France",Ploemeur,02 90 61 66 60,non,"jewelry_store,store,manufacturer",5,7,https://joaillerie-elor.fr/,47.736173,-3.4280687
Julie HAVET - VAULTIER IMMOBILIER - Frais d'agence fixes & réduits !,"Pl. de l'Église, 56270 Ploemeur, France",Ploemeur,06 07 43 97 20,non,"real_estate_agency,service,point_of_interest",5,6,https://www.vaultier.immo/,47.7363819,-3.427789
L'Empreinte Chaussure,"8 Rue Saint-Bieuzy, 56270 Ploemeur, France",Ploemeur,02 97 86 09 49,non,"shoe_store,store,point_of_interest",4.7,142,http://www.l-empreinte-chaussure.com/,47.7358583,-3.4284114
L'Herbe des blés Crêpes bio à emporter,"Centre commercial, Mail Republique, 56270 Ploemeur, France",Ploemeur,02 97 86 00 13,non,"dessert_shop,confectionery,food_store",4.4,44,,47.735071399999995,-3.4287037
LES SAVEURS DE PLOEMEUR,"5 Pl. de l'Église, 56270 Ploemeur, France",Ploemeur,02 97 86 35 90,non,"dessert_shop,confectionery,food_store",4.8,175,http://www.saveurs-de-ploemeur.fr/,47.7367938,-3.4274748
La Banque Postale,"1 PLACE ANNE DE BRETAGNE Centre Commercial, 56270 Ploemeur, France",Ploemeur,,non,"bank,atm,insurance_agency",2.6,5,https://www.labanquepostale.fr/particulier/localisation_bureau/resultat_localisation_bureau.detail.html/ploemeur-561620.html,47.7338212,-3.4283139
La Librairie d'Amélie,"3 Rue Sainte-Anne, 56270 Ploemeur, France",Ploemeur,02 59 16 18 99,non,"book_store,store,point_of_interest",5,54,https://www.instagram.com/la_librairie_amelie/,47.736558099999996,-3.4267125
La Tour de Pise,"1 Pl. des Forces Françaises Libres, 56270 Ploemeur, France",Ploemeur,02 30 85 95 91,non,"italian_restaurant,catering_service,bar",4.2,104,https://www.latourdepise.fr/epicerie-pizzas-traiteur-italien-ploemeur,47.735717,-3.4282969999999997
Le 7 à ploemeur,"7 Rue Sainte-Anne, 56270 Ploemeur, France",Ploemeur,02 97 56 19 26,non,"hair_salon,hair_care,service",4.9,87,https://www.planity.com/le-7-56270-ploemeur,47.736544699999996,-3.4264414
Le Camas,"22 Rue d'Argoat, 56270 Ploemeur, France",Ploemeur,02 97 86 34 16,non,"bar,cafe,store",4.2,309,,47.7346764,-3.429115
Le Comptoir De L'or . Michel Mouton,"Centre Commercial Carrefour Market, 56270 Ploemeur, France",Ploemeur,02 97 86 02 00,non,"jewelry_store,store,finance",4.5,15,https://www.michelmouton.com/,47.733464299999994,-3.4286141
Le Galion,"14 Rue Sainte-Anne, 56270 Ploemeur, France",Ploemeur,02 22 21 74 07,non,"french_restaurant,meal_takeaway,dessert_shop",4.8,412,https://www.facebook.com/LeGalionPloemeur/,47.736697199999995,-3.4258360999999997
Les P’tites Folies,"Centre Commercial Carrefour, 56270 Ploemeur, France",Ploemeur,,non,"womens_clothing_store,clothing_store,store",4.8,12,,47.733843,-3.4288046
Lespagnol Claude,"56270 Ploemeur, France",Ploemeur,02 97 80 17 79,non,"furniture_store,home_improvement_store,home_goods_store",,,,47.751236000000006,-3.4279319999999998
Librairie Sillage,"Rue de Bretagne, 56270 Ploemeur, France",Ploemeur,02 97 86 32 25,non,"book_store,store,point_of_interest",4.6,217,https://www.librairiesillage.com/,47.7343896,-3.429004
Little Italie,"4-2 Rue de Larmor, 56270 Ploemeur, France",Ploemeur,02 97 86 14 14,non,"italian_restaurant,pizza_restaurant,restaurant",4.7,269,http://www.littleitalie.bzh/,47.7362697,-3.4269746
MAISON CRESPIN,"1 Rue de Larmor, 56270 Ploemeur, France",Ploemeur,02 97 86 33 16,non,"bakery,food_store,store",3.4,67,https://www.maison-crespin.fr/,47.736047799999994,-3.4270437
MMA Assurances PLOEMEUR,"11 Rue de Larmor, 56270 Ploemeur, France",Ploemeur,02 97 86 16 00,non,"insurance_agency,health,service",4,23,https://agence.mma.fr/562102/?utm_source=Uberall&utm_medium=referral,47.7358439,-3.4263611
Magasin Vert PLOEMEUR,"Rue de Kerloudan, 56270 Ploemeur, France",Ploemeur,02 97 86 91 91,non,"garden_center,garden,deli",4.3,386,https://www.monmagasinvert.fr/magasin-jardinage-magasin-vert-ploemeur-000665?utm_source=google&utm_medium=gmb&utm_campaign=ploemeur,47.7320677,-3.4218349999999997
Magazine Cram Cram,"36 Rue des Pins, 56100 Lorient, France",Ploemeur,02 97 37 78 06,non,"book_store,store,point_of_interest",4,2,,47.732425,-3.3912910000000003
Mam Goudig,"17 Rue Saint-Bieuzy, 56270 Ploemeur, France",Ploemeur,02 22 21 55 57,non,"dessert_shop,confectionery,food_store",4.9,579,http://www.mamgoudig.com/,47.7353658,-3.4294648
Market Ploemeur,"Place De Bretagne, 56270 Ploemeur, France",Ploemeur,02 97 86 32 40,non,"supermarket,cosmetics_store,bakery",3.9,1373,https://www.carrefour.fr/magasin/market-ploemeur,47.73345,-3.4287099999999997
Mon Océan de Beauté,"centre commercial, Mail Republique, 56270 Ploemeur, France",Ploemeur,02 90 98 40 61,non,"beauty_salon,cosmetics_store,beautician",4.7,34,,47.735206899999994,-3.4288255999999997
Netto Lorient Kervénanec,"2 Rue Maurice Thorez, 56100 Lorient, France",Ploemeur,02 97 30 31 50,non,"discount_supermarket,discount_store,supermarket",3.7,275,https://www.netto.fr/store-locator/Lorient/08090,47.7405731,-3.3940647999999998
Orchis,"3 Pl. de l'Église, 56270 Ploemeur, France",Ploemeur,02 97 85 29 60,non,"florist,store,point_of_interest",4.9,43,https://www.orchisartisanfleuriste.store/?utm_source=gmb,47.736781199999996,-3.4272533999999997
PEUGEOT - SAS ARMORIC AUTO,"ZA DE KERDROUAL, Rue Jean Moulin, 56270 Ploemeur, France",Ploemeur,02 97 86 00 79,non,"car_dealer,store,point_of_interest",4.7,229,,47.7329322,-3.4177725999999997
PLOEMEUR Citroën,"ZAC DE KERDROUAL 3, 56270 Ploemeur, France",Ploemeur,02 97 12 77 00,non,"car_dealer,store,point_of_interest",5,1,https://reseau.citroen.fr/reparateur-ploemeur?_ga=2.14671729.75127184.1671156375-1746659876.1671154965&_gl=1*1dbf5sw*_ga*MTc0NjY1OTg3Ni4xNjcxMTU0OTY1*_ga_9GV7M963ZQ*MTY3MTE2NDU0MC4zLjAuMTY3MTE2NTM3OS4wLjAuMA..,47.728645,-3.4146001
Paul Diard Coiffure,"Place de Bretagne, 56270 Ploemeur, France",Ploemeur,02 97 86 30 37,non,"hair_salon,hair_care,service",4.4,95,,47.733838399999996,-3.428667
Pharmacie Delcroix,"6 Pl. Jean Falquerho, 56270 Ploemeur, France",Ploemeur,02 97 86 71 02,non,"pharmacy,store,health",3.8,40,http://pharmacie-delcroix-ploemeur.epharmacie.pro/?utm_source=gmb,47.7367904,-3.4290198999999997
Pharmacie Guily,"14 Rue Saint-Bieuzy, 56270 Ploemeur, France",Ploemeur,02 97 86 32 18,non,"pharmacy,store,health",4.7,59,https://pharmacie-guily.fr/,47.735271,-3.4291215999999998
Pharmacie Kervenanec,"2 Rue Maurice Thorez, 56100 Lorient, France",Ploemeur,02 97 37 05 67,non,"pharmacy,store,health",4.1,24,,47.7399762,-3.3940835999999996
Pharmacie de Kervam,"14a Rue de Kervam, 56270 Ploemeur, France",Ploemeur,02 97 86 20 70,non,"pharmacy,store,health",4.9,16,http://www.pharmaciedekervam.fr/,47.7351016,-3.4272394999999998
Pharmacie de l'Eglise,"19 Pl. de l'Église, 56270 Ploemeur, France",Ploemeur,02 97 86 32 49,non,"pharmacy,store,health",4.6,24,,47.7362985,-3.4281903999999996
Pharmacie du Centre,"9022 Rue d'Argoat, 56270 Ploemeur, France",Ploemeur,02 97 86 78 69,non,"pharmacy,store,health",4.3,23,https://pharmacieducentre-ploemeur.fr/,47.7335067,-3.4292781000000003
Pharmacie du Ter,"46 Av. Chenailler dit Colonel Morice, 56100 Lorient, France",Ploemeur,02 97 37 28 97,non,"pharmacy,store,health",4.1,19,https://pharmacie-du-ter-lorient.fr/,47.7351056,-3.3893948
Photomaton,"Carrefour Market Cc, 1 Rue de Kervam, 56270 Ploemeur, France",Ploemeur,09 70 82 32 46,non,"home_goods_store,electronics_store,store",,,https://www.photomaton.com/fr-fr/trouver-un-photomaton/l/ploemeur/1-rue-de-kervam/56270002,47.733475899999995,-3.4285641
Photomaton,"Asso Des Commercants Du Cc Kervenanec, 2 Rue Maurice Thorez, 56100 Lorient, France",Ploemeur,09 70 82 32 46,non,"home_goods_store,electronics_store,store",,,https://www.photomaton.com/fr-fr/trouver-un-photomaton/l/lorient/2-rue-maurice-thorez/56100004,47.7404131,-3.3940088
Ploemeur Automobiles,"8 Rue de Quéven, 56270 Ploemeur, France",Ploemeur,02 97 86 31 74,non,"car_dealer,car_repair,store",4.7,338,,47.738813199999996,-3.4284103
Point Nickel - TABAC LE TRISKELL,"2 Rue du Fort Bloqué, 56270 Ploemeur, France",Ploemeur,,non,"bank,atm,finance",,,https://nickel.eu/fr/?utm_source=google&utm_medium=organic&utm_campaign=mybusiness&utm_content=81986886000019,47.7364539,-3.4288092
Raison Home - Gérald JOUNOT - Concepteur Agenceur de cuisines et rangements sur-mesure,"parc technologique de soye, 15 Rue Galilée, 56270 Ploemeur, France",Ploemeur,06 83 09 71 36,non,"furniture_store,home_improvement_store,home_goods_store",5,18,https://www.raisonhome.com/fr/cuisinistes-concepteurs/gerald-jounot-lorient-ploemeur-lanester-larmor-plage,47.7406487,-3.4086057
Restaurant Le Paradou,"3 Rue Saint-Bieuzy, 56270 Ploemeur, France",Ploemeur,02 97 86 27 70,non,"barbecue_restaurant,mediterranean_restaurant,french_restaurant",4.3,916,,47.7361631,-3.4285511
Ruseff & Latruffe Immobilier,"22 Pl. de l'Église, 56270 Ploemeur, France",Ploemeur,02 97 86 69 69,non,"real_estate_agency,service,point_of_interest",4.7,56,https://www.rl.immo/,47.7362252,-3.4274267
SOFTLOR INGENIERIE Services Dépannage Informatique Pro et Particuliers - Com Internet Sites Web - Caméras de Surveillance,"78 Rue de Lanveur, 56100 Lorient, France",Ploemeur,06 18 75 86 62,non,"electronics_store,store,consultant",4.6,83,https://www.softlor.fr/,47.7435998,-3.3910532
Salon St bieuzy Solenn et Lyliane,"13 bis Rue Saint-Bieuzy, 56270 Ploemeur, France",Ploemeur,06 60 99 41 34,non,"hair_salon,hair_care,service",5,3,,47.73570170000001,-3.4289292999999996
Sarl Le Breton,"1 Bd François Mitterrand, 56270 Ploemeur, France",Ploemeur,09 77 47 79 74,non,"florist,store,point_of_interest",,,,47.7325391,-3.4262854
Saxo,"11 Rue Saint-Bieuzy, 56270 Ploemeur, France",Ploemeur,02 97 86 38 46,non,"womens_clothing_store,clothing_store,store",4.8,8,,47.7358477,-3.4287984999999996
Seconde Peau,"4 Rue Saint-Bieuzy, 56270 Ploemeur, France",Ploemeur,09 56 53 54 72,non,"womens_clothing_store,clothing_store,store",,,,47.7360773,-3.4281696
SuperBliss Salons - PLOEMEUR,"Parking Carrefour Market, 22 Rue d'Argoat, 56270 Ploemeur, France",Ploemeur,02 97 86 28 94,non,"hair_salon,hair_care,service",4.2,107,http://www.superbliss.fr/,47.7342772,-3.4290569
TAM,"8B Rue de Kervam, 56270 Ploemeur, France",Ploemeur,02 97 59 07 30,non,"restaurant,food,point_of_interest",4.7,73,,47.7358079,-3.4274625
"Tapissier DÉCORATION AMEUBLEMENT Maison Nathalie Colin Rideaux, Stores sur mesure","27 All. du Château du Ter, 56270 Ploemeur, France",Ploemeur,06 70 39 07 86,non,"furniture_store,home_improvement_store,clothing_store",4.9,9,http://instagram.com/maison_nathalie_colin,47.731804399999994,-3.4182987
Viallard Sarl,"20 Rue Saint-Bieuzy, 56270 Ploemeur, France",Ploemeur,02 97 86 14 19,non,"bakery,pastry_shop,dessert_shop",4.3,473,,47.735049599999996,-3.4293449
les passagers du vent,"22 Pl. de l'Église, 56270 Ploemeur, France",Ploemeur,02 97 85 29 45,non,"womens_clothing_store,clothing_store,store",3.8,6,,47.7362308,-3.4275529999999996
A la Cascade de Fleurs,"7 Pl. de la Mairie, 56240 Plouay, France",Plouay,02 97 21 64 06,non,"florist,service,store",5,7,https://fleuristes-et-fleurs.com/fleuriste/a-la-cascade-de-fleurs-plouay-56240,47.9155528,-3.3341588
AS AUTO,"zone industrielle de, 56620 Cléguer, France",Plouay,02 97 02 01 37,non,"car_dealer,store,point_of_interest",4.4,10,https://www.leboncoin.fr/boutique/6915398/as_auto.htm,47.8923493,-3.3394831
AXA Assurance et Banque Aureart - Le Galliard - Le Bris,"12 Pl. de la Mairie, 56240 Plouay, France",Plouay,02 97 33 32 17,non,"insurance_agency,health,service",3.7,3,https://agence.axa.fr/distributeur/0002460804?utm_campaign=Multidiffusion&utm_content=0002460804&utm_medium=local&utm_source=GMB,47.915029999999994,-3.33506
Agence Groupama Plouay,"24 Rue du Général de Gaulle, 56240 Plouay, France",Plouay,02 97 33 33 41,non,"insurance_agency,bank,finance",4.4,27,https://agences.groupama.fr/assurance/loire-bretagne/agence-groupama-plouay-idLBR58166?lm=fiche-etablissement-google_lbr_plouay_page,47.9159642,-3.3368146
Agence immobilière Laforêt Plouay,"1 Rue des Alliés, 56240 Plouay, France",Plouay,02 97 11 10 10,non,"real_estate_agency,finance,consultant",4.5,84,https://www.laforet.com/agence-immobiliere/plouay?utm_source=google&utm_medium=mybusiness,47.915603,-3.3338957
Allo Peggy Coiffure,"12 Dom. de l'Étang, 56240 Plouay, France",Plouay,06 08 65 33 83,non,"hair_salon,hair_care,service",4.5,11,,47.9202206,-3.3256267999999998
Atelier du Végétal Plouay,"1 Rue Paul Ihuel, 56240 Plouay, France",Plouay,02 97 34 30 38,non,"florist,store,point_of_interest",4.5,22,https://www.atelierduvegetal-plouay.fr/,47.9143718,-3.3347484
Au Four Et Au Moulin,"12 Pl. de l'Église, 56240 Plouay, France",Plouay,02 97 33 31 59,non,"bakery,food_store,store",4.2,52,,47.9148044,-3.3349881999999997
BAR de la Fontaine,"56240 Plouay, France",Plouay,,non,"bar,point_of_interest,establishment",5,1,,47.916316599999995,-3.3329722999999998
Banque Populaire Grand Ouest,"6 Pl. de l'Église, 56240 Plouay, France",Plouay,02 72 96 10 70,non,"bank,atm,finance",4.9,39,https://www.banquepopulaire.fr/bpgo/,47.9145905,-3.3343154
Bel'Hom,"13 Pl. de la Mairie, 56240 Plouay, France",Plouay,02 97 33 35 34,non,"clothing_store,store,point_of_interest",4.7,219,https://belhom.com/,47.915093,-3.3352241
"Bijouterie spécialiste de l'alliance, Horlogerie toutes réparations - L'Anneau d'Or","10 Pl. de l'Église, 56240 Plouay, France",Plouay,02 97 33 32 08,non,"jewelry_store,locksmith,service",4.8,52,,47.9146331,-3.3349172
Blanc Brun - Joubaud,"7 Rue Jean Brito, 56240 Plouay, France",Plouay,02 97 33 29 39,non,"electronics_store,home_goods_store,service",4.1,9,https://www.blancbrun.fr/magasin/blanc-brun-plouay,47.913759899999995,-3.3569247
CENTRE MORBIHAN COURTAGE,"10 Pl. du Vieux Château, 56240 Plouay, France",Plouay,,non,"insurance_agency,service,point_of_interest",,,,47.9162823,-3.3346945999999997
Coiffure Messieurs Nicolas Serge,"6 Rue Paul Ihuel, 56240 Plouay, France",Plouay,02 97 33 12 72,non,"hair_salon,hair_care,service",4.6,46,,47.9143603,-3.3350455
Crédit Mutuel de Bretagne PLOUAY,"6 Rue du Général de Gaulle, 56240 Plouay, France",Plouay,02 97 33 01 40,non,"bank,atm,insurance_agency",4.4,65,https://www.cmb.fr/reseau-bancaire-cooperatif/web/recherche-agence-credit-mutuel-de-bretagne/morbihan/plouay/plouay-56240,47.9156177,-3.3356031
Crédit Mutuel de Bretagne Pôle Professionnel et Patrimonial PLOUAY,"6 Rue du Général de Gaulle, 56240 Plouay, France",Plouay,02 97 84 77 20,non,"atm,bank,insurance_agency",5,30,https://www.cmb.fr/,47.9156177,-3.3356031
Dilan Kebab,"16 Rue du Général de Gaulle, 56240 Plouay, France",Plouay,02 97 33 04 53,non,"kebab_shop,fast_food_restaurant,restaurant",4.6,525,https://dilan-kebab.fr/,47.915757,-3.3362228
Emmanuelle de Becker IAD Immo Plouay,"Grande rue, 56240 Plouay, France",Plouay,06 37 65 52 99,non,"real_estate_agency,consultant,service",5,12,https://www.iadfrance.fr/conseiller-immobilier/EMMANUELLE.DEBECKER,47.9151023,-3.3345673
FLEUR DE PEAU,"12 Pl. de l'Église, 56240 Plouay, France",Plouay,02 97 21 24 55,non,"beauty_salon,hair_care,service",4.8,49,https://www.planity.com/,47.9150278,-3.3351404
Fidy ANDRIA,"36 Le Parc Kerandor, 56240 Plouay, France",Plouay,06 18 87 27 98,non,"hair_salon,hair_care,service",5,1,http://www.coiffstylfidy.com/,47.9141068,-3.3286409999999997
Fleuriste Interflora,"7 Pl. de la Mairie, 56240 Plouay, France",Plouay,02 97 21 64 06,non,"florist,store,point_of_interest",4.3,15,http://www.interflora.fr/,47.9155447,-3.3341577
GARAGE SALIC Dacia,"21 La Chaumière, 56240 Plouay, France",Plouay,02 97 33 31 65,non,"car_dealer,car_repair,store",4.3,4,https://www.dacia.fr/trouvez-votre-etablissement-dacia.html,47.9089452,-3.3371687999999997
Gausson Régis,"6 Pl. de la Mairie, 56240 Plouay, France",Plouay,02 97 33 32 88,non,"bar,point_of_interest,establishment",4.4,79,,47.9153763,-3.3339065999999997
Gicquel Anthony,"1 Pl. de la Mairie, 56240 Plouay, France",Plouay,02 97 33 23 11,non,"bar,point_of_interest,establishment",4.1,27,,47.9155473,-3.3352314
Gwen D' coud,"7 Rue des Alliés, 56240 Plouay, France",Plouay,07 64 24 24 14,non,"clothing_store,service,store",5,11,https://www.gwen-d-coud.fr/,47.915793,-3.3337005
L'Envie Restaurant,"25 Rue Paul Ihuel, 56240 Plouay, France",Plouay,09 85 11 38 51,non,"restaurant,food,point_of_interest",4.8,148,https://www.facebook.com/profile.php?id=61552764235735,47.9133594,-3.3349775000000004
LE SALON,"26 Rue des Alliés, 56240 Plouay, France",Plouay,02 97 11 32 08,non,"hair_salon,hair_care,service",4.8,60,,47.9163573,-3.3326085
La Banque Postale,"51 Rue Paul Ihuel, 56240 Plouay, France",Plouay,,non,"bank,atm,insurance_agency",,,https://www.labanquepostale.fr/particulier/localisation_bureau/resultat_localisation_bureau.detail.html/plouay-561660.html,47.9113009,-3.3357983
Le Bigot Michel,"ZI de Restavy, 56240 Plouay, France",Plouay,02 97 33 17 67,non,"furniture_store,home_improvement_store,home_goods_store",,,,47.9145426,-3.3543493
Le Celtic - bar Tabac Presse FDJ,"6 Pl. de la Mairie, 56240 Plouay, France",Plouay,02 97 33 32 88,non,"bar,point_of_interest,establishment",4.6,63,https://www.facebook.com/p/Le-Celtic-100057209779310/,47.9155474,-3.3342668
Le Coup Du Menhir,"2 Rue du Général de Gaulle, 56240 Plouay, France",Plouay,,non,"bar,point_of_interest,establishment",4.5,50,,47.9155205,-3.3354633999999996
Le Gallo Sabrina,"56620 Cléguer, France",Plouay,,non,"hair_salon,hair_care,service",3,1,,47.8938426,-3.3358198000000003
Le Galloudec Jean-François,"21 Rue des Alliés, 56240 Plouay, France",Plouay,02 97 33 10 40,non,"bar,point_of_interest,establishment",3.4,18,http://le-galloudec-jean.paqe.io/,47.9163734,-3.3330916999999998
Le Géant du Meuble Plouay - Meubles Le Tallec,"Route de Lorient, 56240 Plouay, France",Plouay,02 97 33 23 21,non,"furniture_store,home_improvement_store,home_goods_store",4.4,45,https://www.geant-du-meuble.com/nos-magasins/meubles-le-tallec-plouay/,47.9001513,-3.3364319
Le QG restaurant,"13 Rue du Général de Gaulle, 56240 Plouay, France",Plouay,02 97 65 72 89,non,"restaurant,food,point_of_interest",4.9,207,,47.915461,-3.3358759
Le temps d’une coupe,"21 Rue Paul Ihuel, 56240 Plouay, France",Plouay,02 97 11 09 03,non,"hair_salon,hair_care,service",4.9,59,https://www.planity.com/le-temps-d-une-coupe-56240-plouay-3cw,47.9135725,-3.3349078
Les Mariées de Bettina,"8 Pl. de l'Église, 56240 Plouay, France",Plouay,02 97 33 35 63,non,"clothing_store,store,point_of_interest",4.5,235,http://www.marieesdebettina.com/,47.9146,-3.334535
Les Temps Modernes,"1 Pl. de la Mairie, 56240 Plouay, France",Plouay,,non,"bar,point_of_interest,establishment",4.4,48,,47.9155109,-3.3352252
Liaison Végétale,"26 Rue des Fauvettes, 56240 Plouay, France",Plouay,06 03 78 25 03,non,"florist,general_contractor,service",5,10,http://www.liaisonvegetale.com/,47.910385700000006,-3.3414101
Literie LE TALLEC,"56240 Plouay, France",Plouay,02 97 33 23 21,non,"furniture_store,home_improvement_store,home_goods_store",5,1,https://www.geant-du-meuble.com/nos-magasins/meubles-le-tallec-plouay/,47.9004262,-3.3361339
MLL CAR’S SOLUTIONS Achat-Vente-Reprise Véhicules d'Occasions/ Service Carte Grise sur place,"10 rue René Laennec, ZI de Restavy, 56240 Plouay, France",Plouay,06 98 70 11 64,non,"car_dealer,local_government_office,government_office",5,87,https://www.mll-cars-solutions.com/,47.915299499999996,-3.3541512000000004
MMA Assurances PLOUAY,"1 Rue du Dr Berty Espace Tertiaire, 56240 Plouay, France",Plouay,02 97 33 32 19,non,"insurance_agency,health,service",4.7,19,https://agence.mma.fr/561101/?utm_source=Uberall&utm_medium=referral,47.918034899999995,-3.3379000999999997
Ma Vie de Cookie,"12 bis Rue du Général de Gaulle, 56240 Plouay, France",Plouay,06 35 56 29 89,non,"chocolate_shop,candy_store,pastry_shop",5,124,https://maviedecookie.fr/,47.915732299999995,-3.3361359999999998
Market Plouay,"Rue de Creis er Prat, 56240 Plouay, France",Plouay,02 97 33 22 05,non,"supermarket,cosmetics_store,grocery_store",4,992,https://www.carrefour.fr/magasin/market-plouay,47.91827,-3.33493
Menuiserie & ébénisterie Atout-Teck,"56240 Plouay, France",Plouay,06 69 51 81 61,non,"general_contractor,furniture_store,home_improvement_store",5,2,http://www.atout-teck.fr/,47.913889,-3.3569130000000005
Mmlc 56,"5 Pl. de la Mairie, 56240 Plouay, France",Plouay,02 97 33 35 61,non,"hair_salon,hair_care,service",4.5,52,,47.91549690000001,-3.3343838999999997
Nature et sens coiffure,"3 Pl. du Vieux Château, 56240 Plouay, France",Plouay,02 97 81 25 11,non,"hair_salon,hair_care,service",4.8,43,https://www.planity.com/nature-et-sens-56240-plouay,47.9156532,-3.3341376
Netto Plouay,"Rue Pl. Hélène le Chaton, 56240 Plouay, France",Plouay,02 97 33 13 11,non,"discount_supermarket,car_rental,supermarket",4.1,382,https://www.netto.fr/store-locator/Plouay/05983,47.917816099999996,-3.3358101
Novimaille,"4 Pl. de l'Église, 56240 Plouay, France",Plouay,02 97 33 32 33,non,"clothing_store,womens_clothing_store,store",4.4,13,http://www.novimaille.fr/,47.91478120000001,-3.3339704
O' saveurs gourmandes,"2 Rue Brizeux, 56240 Plouay, France",Plouay,02 97 33 35 46,non,"bakery,food_store,store",4.6,228,,47.915609,-3.3374580000000003
Office de Tourisme du Pays de Plouay,"Domaine de Manéhouarn, 56240 Plouay, France",Plouay,02 97 84 78 00,non,"tourist_information_center,tour_agency,travel_agency",,,https://www.lorientbretagnesudtourisme.fr/,47.91913590000001,-3.3455084
Omega Informatique,"3, parc activités, Pl. Hélène le Chaton, 56240 Plouay, France",Plouay,02 97 11 19 32,non,"electronics_store,educational_institution,service",4.2,17,http://www.omega-informatique.net/?utm_source=gmb,47.916983099999996,-3.3355045999999997
Paul Diard coiffure Plouay,"10 Rue du Général de Gaulle, 56240 Plouay, France",Plouay,02 97 33 16 29,non,"hair_salon,hair_care,service",4.6,182,https://rendezvous.hairnet.fr/?token=fe4f36cea00842f6564f72278c6b6c0b,47.915693600000004,-3.3358596
Pharmacie Centrale (Joubreil Le Quellec),"5 Rue du Général de Gaulle, 56240 Plouay, France",Plouay,02 97 33 31 61,non,"pharmacy,health,store",4.8,48,https://pharmaciecentraleplouay.fr/,47.9153634,-3.3355598000000004
Pharmacie Kersteval,"11 Pl. du Vieux Château, 56240 Plouay, France",Plouay,02 97 33 31 50,non,"pharmacy,service,health",4.5,21,https://www.mypharmactiv.fr/pharmacie/pharmacie-kersteval-cahu-lemercier-plouay,47.9162774,-3.3344657000000004
Photomaton,"Netto, Rue Hélène Le Chaton, 56240 Plouay, France",Plouay,09 70 82 32 46,non,"electronics_store,home_goods_store,service",,,https://www.photomaton.com/fr-fr/trouver-un-photomaton/l/plouay/rue-helene-le-chaton/40168321,47.917798,-3.3359289999999997
Photomaton,"Carrefour Market, Rue de Creis er Prat, 56240 Plouay, France",Plouay,09 70 82 32 46,non,"electronics_store,home_goods_store,service",,,https://www.photomaton.com/fr-fr/trouver-un-photomaton/l/plouay/rue-de-creis-er-prat/56240003,47.918295,-3.33481
Pili-Pili,"6 Rue des Alliés, 56240 Plouay, France",Plouay,07 86 93 18 33,non,"pizza_restaurant,meal_delivery,meal_takeaway",3.9,140,,47.915409,-3.3338983
Plouay,"7 Pl. Hélène le Chaton, 56240 Plouay, France",Plouay,,non,"pizza_restaurant,restaurant,food",,,,47.9170496,-3.3362960999999998
Point Nickel - CELTIC BAR,"6 Pl. de la Mairie, 56240 Plouay, France",Plouay,,non,"atm,bank,finance",,,https://nickel.eu/fr/?utm_source=google&utm_medium=organic&utm_campaign=mybusiness&utm_content=87773394900011,47.9153763,-3.3339065999999997
Point Vert PLOUAY-CLEGUER,"56620 Cléguer, France",Plouay,02 97 33 31 07,non,"garden_center,hardware_store,deli",4.4,215,https://www.monmagasinvert.fr/?utm_source=google&utm_medium=gmb&utm_campaign=cleguer,47.8913811,-3.3391249999999997
Renault,"21 Rue de la Chaumière, 56240 Plouay, France",Plouay,02 97 33 31 65,non,"car_dealer,store,point_of_interest",4.2,34,https://www.renault.fr/,47.9088269,-3.3366100999999997
Savoir F'hair,"5 Pl. de la Mairie, 56240 Plouay, France",Plouay,02 97 33 35 61,non,"hair_salon,hair_care,service",4.1,7,,47.9155422,-3.3344072999999996
Scorff Boutique,"7 Rue Paul Ihuel, 56240 Plouay, France",Plouay,02 97 33 25 59,non,"clothing_store,store,point_of_interest",3.8,4,,47.914168499999995,-3.3347572
Tonyvista Informatique,"16 Rue de Bécherel, 56240 Plouay, France",Plouay,06 88 59 15 02,non,"electronics_store,service,store",3.3,3,https://www.facebook.com/tonyvistainformatique?locale=fr_FR,47.9145755,-3.3310554999999997
Ty Bazar,"22 Rue du Général de Gaulle, 56240 Plouay, France",Plouay,02 97 11 13 86,non,"gift_shop,bar,clothing_store",4.6,16,http://tybazar.com/,47.915909799999994,-3.3365736
Ty Daoudal,"21 Rue des Alliés, 56240 Plouay, France",Plouay,02 97 65 88 41,non,"bakery,food_store,store",4.7,239,https://www.ty-daoudal.fr/,47.916358699999996,-3.3329614999999997
Uncle Breizh Plouay,"9 Pl. de l'Église, 56240 Plouay, France",Plouay,07 67 27 80 74,non,"fast_food_restaurant,restaurant,food",4.5,293,https://commande.unclebreizh.fr/plouay/produits,47.9145286,-3.3346798000000004
"Une crêpe,sinon rien!","2 Rue de Bécherel, 56240 Plouay, France",Plouay,07 45 00 98 91,non,"dessert_shop,confectionery,food_store",4.7,147,,47.9146103,-3.3339195
Vial Immobilier,"29 Rte de Kerscoulic, 56240 Plouay, France",Plouay,06 85 05 07 36,non,"real_estate_agency,consultant,service",,,https://www.vial-immobilier.fr/,47.9317771,-3.3475905999999997
chez Gurvan,"2 Rue du Général de Gaulle, 56240 Plouay, France",Plouay,02 97 33 30 22,non,"bakery,food_store,store",4.3,26,,47.9155156,-3.3353869
Ça Va De Paire,"2 Pl. de la Mairie, 56240 Plouay, France",Plouay,02 90 61 73 11,non,"shoe_store,store,point_of_interest",4.6,7,https://www.ca-va-de-paire.fr/,47.9155058,-3.3349547999999998
"""Goo""","31 Grande Rue, 56290 Port-Louis, France",Port-Louis,,non,"restaurant,meal_takeaway,point_of_interest",4.9,50,,47.7073817,-3.3550267
Agence de Port-Louis - Office de Tourisme de Lorient Agglomération,"1 Av. Marcel Charrier, 56290 Port-Louis, France",Port-Louis,02 97 84 78 00,non,"tourist_information_center,tour_agency,travel_agency",4.6,218,https://www.lorientbretagnesudtourisme.fr/,47.7080261,-3.3509976999999997
Avel Vor - Restaurant,"25 Rte de Locmalo, 56290 Port-Louis, France",Port-Louis,02 97 82 47 59,non,"fine_dining_restaurant,french_restaurant,restaurant",4.5,446,https://www.avelvor.com/,47.7061372,-3.3475831
BISIKLET - Vélo Lorient,"4 Grande Rue, 56570 Locmiquélic, France",Port-Louis,02 97 11 01 81,non,"bicycle_store,sportswear_store,clothing_store",4.8,73,https://www.bisiklet.fr/,47.723147499999996,-3.3400162
Banque Populaire Grand Ouest,"Rue de la Résistance 39/45, 56290 Port-Louis, France",Port-Louis,02 72 96 10 60,non,"bank,atm,finance",4.7,20,https://www.banquepopulaire.fr/bpgo/,47.7083076,-3.3455605999999998
Bar à huître chez Martine,"Port-Louis, France",Port-Louis,,non,"bar,point_of_interest,establishment",4.8,5,,47.704983299999995,-3.3498424
Bro Warok,"7 Bd de la Compagnie des Indes, 56290 Port-Louis, France",Port-Louis,06 09 96 26 84,non,"tour_agency,travel_agency,service",,,https://www.marinsdumonde.net/,47.7102815,-3.3558782999999996
Coccimarket,"2 Rle de l'Église, 56570 Locmiquélic, France",Port-Louis,02 97 33 82 15,non,"supermarket,convenience_store,grocery_store",4.5,85,https://www.coccinelle.fr/magasin/locmiquelic,47.723596099999995,-3.3412244
Coiffeur - Esprit Coiff,"17 Grande Rue, 56570 Locmiquélic, France",Port-Louis,02 97 11 71 36,non,"hair_salon,hair_care,point_of_interest",4.9,54,http://www.planity.com/esprit-coiff-56570-locmiquelic,47.7233945,-3.3405073
Coiffeur Locmiquélic - BarberLocmiquélic,"Rue Henri Sellier, 56570 Locmiquélic, France",Port-Louis,,non,"hair_salon,hair_care,point_of_interest",,,,47.721938599999994,-3.3358219
Coiffure Bruno Quéré,"23 Grande Rue, 56570 Locmiquélic, France",Port-Louis,02 97 33 41 18,non,"hair_salon,hair_care,point_of_interest",4.9,14,,47.7235885,-3.3419828
Coiffure Mixte,"4 Pl. Saint-Pierre, 56290 Port-Louis, France",Port-Louis,,non,"hair_salon,hair_care,point_of_interest",,,,47.7070946,-3.3526106
Confidence Coiffure,"36 Rte de Port-Louis, 56570 Locmiquélic, France",Port-Louis,02 97 82 47 77,non,"hair_salon,hair_care,point_of_interest",4.5,51,https://www.planity.com/confidence-coiffure-institut-56670-riantec?utm_source=gmb,47.7188108,-3.3356501
Creperie le jean bart,"14 Grande Rue, 56290 Port-Louis, France",Port-Louis,02 97 82 42 26,non,"french_restaurant,dessert_shop,confectionery",4.4,555,https://www.instagram.com/franckjaffro?igsh=MWQyNnJzdmx5YmVvNA==,47.707389000000006,-3.3538164
Crédit Maritime Grand Ouest,"Rue de la Résistance, 56290 Port-Louis, France",Port-Louis,02 72 96 10 60,non,"bank,atm,finance",,,https://www.banquepopulaire.fr/cmgo/,47.708493399999995,-3.344964
Crédit Mutuel de Bretagne PORT LOUIS,"Pl. de l'Avancée, 56290 Port-Louis, France",Port-Louis,02 97 82 29 39,non,"bank,atm,insurance_agency",4.2,31,https://www.cmb.fr/reseau-bancaire-cooperatif/web/recherche-agence-credit-mutuel-de-bretagne/morbihan/port-louis/port-louis-56290,47.709651699999995,-3.3460579
DYNAMIQUE IMMOBILIER Patricia MEQUIES,"140 Rue de Kerdurand, 56670 Riantec, France",Port-Louis,06 60 87 20 05,non,"real_estate_agency,service,point_of_interest",,,https://dynamiqueimmobilier.fr/,47.7105594,-3.328224
Embarcadère Kernevel Larmor-Plage Escal'Ouest,"Port du, 56260 Larmor-Plage, France",Port-Louis,,non,"tour_agency,travel_agency,service",,,,47.7190763,-3.3681367000000004
Embarcadère Port-Louis Escal'Ouest pour escale Lorient,"Quai de la Pointe, 56290 Port-Louis, France",Port-Louis,,non,"tour_agency,travel_agency,service",4.5,25,,47.711179,-3.3568073999999997
Floem - Visite guidée et médiation culturelle,"Chapelle Saint-Pierre, 56290 Port-Louis, France",Port-Louis,,non,"tour_agency,travel_agency,service",5,1,https://www.floem.fr/,47.707347600000006,-3.3525145999999997
GARAGE DE LA RADE MPA,"Rue des Artisans, 56570 Locmiquélic, France",Port-Louis,02 97 33 49 66,non,"car_dealer,car_repair,store",4.5,319,https://www.leboncoin.fr/boutique/15812/garage_de_la_rade.htm,47.731270699999996,-3.3199118
Guide et Vous,"Office de tourisme de, 1B Av. Marcel Charrier, 56290 Port-Louis, France",Port-Louis,06 61 56 86 59,non,"amusement_center,tour_agency,travel_agency",4.9,54,http://www.guide-et-vous.com/,47.708020999999995,-3.3509273
Guinguette Chez Martine | Bar à huitres | Café & goûters,"Promenade du Lohic, Rue de la Grande Prte, 56290 Port-Louis, France",Port-Louis,07 61 93 16 40,non,"seafood_restaurant,coffee_shop,cafe",4.7,69,,47.7049059,-3.3498870999999997
Il Pirata,"44 Grande Rue, 56290 Port-Louis, France",Port-Louis,02 97 82 16 76,non,"pizza_restaurant,restaurant,point_of_interest",4.4,128,,47.7076316,-3.3554263
Institut Beauté & Sens,"40 Grande Rue, 56570 Locmiquélic, France",Port-Louis,06 10 25 85 37,non,"beauty_salon,beautician,cosmetics_store",5,13,https://www.institut-locmiquelic.marycohr.com/,47.7234349,-3.3423977
L' atelier de Marianne,"13 Av. de la Perrière, 56100 Lorient, France",Port-Louis,06 71 26 66 18,non,"furniture_store,home_improvement_store,home_goods_store",4.8,21,https://cours-tapisserie-deco56.bzh/,47.7350874,-3.3661578
L'Atelier Port-Louis cave à vins glaces artisanales,"11 Rue de la Marine, 56290 Port-Louis, France",Port-Louis,02 97 05 45 93,non,"restaurant,french_restaurant,point_of_interest",4.6,368,https://www.facebook.com/latelier.portlouis,47.7076742,-3.3556711
L'INSTANT C,"18 Av. de Kerbel, 56290 Port-Louis, France",Port-Louis,02 97 82 10 00,non,"hair_salon,hair_care,point_of_interest",4.9,108,https://www.planity.com/linstant-c-56290-port-louis,47.711583999999995,-3.343966
LORIENT PASSION PECHE - Pêche en mer et observation de cétacés,"Quai de la Pointe, 56290 Port-Louis, France",Port-Louis,07 63 09 41 64,non,"tour_agency,travel_agency,sports_club",4.8,50,https://www.lorient-passion-peche.com/,47.7084605,-3.3535746
La Banque Postale,"27 Rue des Dames, 56290 Port-Louis, France",Port-Louis,,non,"bank,atm,insurance_agency",3,1,https://www.labanquepostale.fr/particulier/localisation_bureau/resultat_localisation_bureau.detail.html/port-louis-561810.html,47.70914270000001,-3.3561286999999997
La Banque Postale,"Av. des Sardiniers, 56680 Gâvres, France",Port-Louis,,non,"bank,atm,insurance_agency",,,https://www.labanquepostale.fr/particulier/localisation_bureau/resultat_localisation_bureau.detail.html/gavres-560620.html,47.6966612,-3.3529454
La Peau De L Ours,"16 Grande Rue, 56290 Port-Louis, France",Port-Louis,02 56 54 46 81,non,"bar,point_of_interest,establishment",4.5,218,,47.707453699999995,-3.3539874999999997
La Reine Suzette,"6 Grande Rue, 56290 Port-Louis, France",Port-Louis,02 97 82 57 71,non,"restaurant,dessert_shop,confectionery",4.3,834,https://www.facebook.com/lareinesuzette/#,47.707459,-3.3531991999999997
La boutique du Nat'elier,"2 Rue du Général de Gaulle, 56570 Locmiquélic, France",Port-Louis,06 32 84 51 74,non,"clothing_store,store,point_of_interest",5,4,https://la-boutique-du-natelier-52.webself.net/,47.719714499999995,-3.3356356000000003
Le B,"18 B Rue de, Rte de Locmalo, 56290 Port-Louis, France",Port-Louis,02 97 82 48 41,non,"restaurant,point_of_interest,food",4.5,728,https://www.lebistroy.fr/,47.7065571,-3.3467244999999997
Le Salon du Large,"12 Rue du Parc des Sports, 56680 Gâvres, France",Port-Louis,06 75 04 93 19,non,"hair_salon,hair_care,massage_spa",4.6,15,http://www.lesalondularge.fr/,47.6958777,-3.3513933
Le Soleil,"47 Rue de la Citadelle, 56290 Port-Louis, France",Port-Louis,02 97 82 15 10,non,"bar,point_of_interest,establishment",4.3,119,,47.705982399999996,-3.3511431000000003
Le penalty bar tabac loto,"12 Pl. Saint-Pierre, 56290 Port-Louis, France",Port-Louis,02 97 82 13 26,non,"bar,point_of_interest,establishment",3.7,171,,47.707116,-3.3531377
MAD,"Mail : eurlmad56@gmail.com, 88 Rue de Nezenel, 56570 Locmiquélic, France",Port-Louis,06 67 39 38 66,non,"hardware_store,building_materials_store,general_contractor",5,44,,47.73061080000001,-3.3448389
Marie-Laure Mollier Conseiller immobilier IAD Port-Louis - Riantec - Locmiquélic,"3 Rue de Stervins, 56670 Riantec, France",Port-Louis,06 22 44 20 16,non,"real_estate_agency,finance,consultant",5,85,https://www.iadfrance.fr/conseiller-immobilier/marie-laure.mollier,47.7090209,-3.3274614
Maud LE GAL Conseiller Immobilier IAD - PORT-LOUIS - LOCMIQUELIC - RIANTEC,"Rue Saint-Pierre, 56290 Port-Louis, France",Port-Louis,06 43 67 31 89,non,"real_estate_agency,consultant,government_office",5,28,https://www.iadfrance.fr/conseiller-immobilier/maud.le-gal,47.7070794,-3.3531361
Mlt pizza food truck,"1 Av. Marcel Charrier, 56290 Port-Louis, France",Port-Louis,06 14 58 09 12,non,"meal_takeaway,restaurant,point_of_interest",5,17,https://www.instagram.com/mlt_pizza?igsh=MTNjNDV4dWhydm44OQ==,47.708026,-3.3510298
Mlt pizza food truck,"Pl. Saint-Pierre, 56290 Port-Louis, France",Port-Louis,06 14 58 09 12,non,"meal_takeaway,restaurant,point_of_interest",5,9,https://www.instagram.com/mlt_pizza?igsh=MTNjNDV4dWhydm44OQ==,47.7072788,-3.3527761
Orpi Dynamique Immobilier Riantec,"140 Rue de Kerdurand, 56670 Riantec, France",Port-Louis,06 60 87 20 05,non,"real_estate_agency,service,point_of_interest",4.4,12,https://www.orpi.com/dynamiqueimmobilier?utm_source=gmb&utm_medium=organic&utm_campaign=gmb_riantec&utm_content=dynamiqueimmobilier,47.7105558,-3.3282081000000003
Pharmacie Roche-Brunard,"15 Rue de Kerdurand, 56670 Riantec, France",Port-Louis,02 97 33 51 51,non,"pharmacy,store,health",4.4,25,http://www.pharmacie-riantec.com/,47.7141564,-3.313925
Pharmacie de la Petite Mer,"1 bis Rue de la Pradene, 56670 Riantec, France",Port-Louis,02 97 33 53 51,non,"pharmacy,doctor,wholesaler",4.4,10,http://www.pharmacieriantec.com/?utm_source=gmb,47.712022999999995,-3.3107613
Pharmacie des Minahouets,"21 Grande Rue, 56570 Locmiquélic, France",Port-Louis,02 97 33 40 20,non,"pharmacy,store,health",4.6,32,http://pharmaciedesminahouets.ceido.com/,47.7235599,-3.341679
Photomaton,"Intermarche, Rte de la Croizetière, 56670 Riantec, France",Port-Louis,09 70 82 32 46,non,"electronics_store,home_goods_store,store",,,https://www.photomaton.com/fr-fr/trouver-un-photomaton/l/riantec/route-de-la-croizetiere/56675001,47.7181192,-3.3336913000000004
Pompes Funèbres BELLEGO,"1Ter Rue de la Mairie, 56570 Locmiquélic, France",Port-Louis,02 97 11 09 30,non,"funeral_home,cemetery,florist",5,4,https://roc-eclerc.com/nos-agences/morbihan/locmiquelic/pompes-funebres-bellego-locmiquelic-locmiquelic-fun_fra056_004?utm_campaign=GMB&utm_content=fun_fra056_004&utm_medium=organic-local&utm_source=google,47.723763,-3.341333
RENOVA 9,"53 Rte de Port-Louis, 56670 Riantec, France",Port-Louis,06 72 92 33 11,non,"real_estate_agency,consultant,service",5,3,https://renova-9.com/,47.7090623,-3.3364564
Ruseff & Latruffe Immobilier,"6 Av. Marcel Charrier, 56290 Port-Louis, France",Port-Louis,02 97 78 90 18,non,"real_estate_agency,service,point_of_interest",5,10,https://rl.immo/,47.7078169,-3.3507645999999998
SEBASTIEN ET CELINE,"12 Grande Rue, 56290 Port-Louis, France",Port-Louis,02 97 82 46 44,non,"butcher_shop,salad_shop,seafood_restaurant",4.7,76,https://sebastien-et-celine-port-louis.eatbu.com/,47.7073549,-3.3537095
Ship-ST,"58 Av. de la Perrière, 56100 Lorient, France",Port-Louis,02 97 50 38 05,non,"consultant,electronics_store,store",4.6,5,https://www.ship-st.com/,47.732419799999995,-3.3636152999999998
Tapissier d'ameublement - Atelier Kerisag,"29 Les 4 Chemins de Pen Mané, 56670 Riantec, France",Port-Louis,06 74 12 71 45,non,"furniture_store,home_improvement_store,home_goods_store",4.9,31,https://www.atelier-kerisag.fr/,47.724871,-3.325564
Tit'Karrigell,"14 Prom. Henri François Buffet, 56290 Port-Louis, France",Port-Louis,07 82 85 25 27,non,"fast_food_restaurant,restaurant,point_of_interest",,,,47.7040278,-3.3528742
TomKod,"58 Av. de la Perrière, 56100 Lorient, France",Port-Louis,02 97 50 38 05,non,"electronics_store,store,point_of_interest",,,https://www.tomkod.com/,47.7324178,-3.3635110999999998
Télésiège,"6 Rue des Lilas, 56670 Riantec, France",Port-Louis,06 32 59 99 59,non,"furniture_store,home_improvement_store,home_goods_store",5,6,http://www.telesiege.bzh/,47.7125966,-3.316092
Vival,"32 Grande Rue, 56290 Port-Louis, France",Port-Louis,02 97 82 52 54,non,"convenience_store,grocery_store,bakery",4.3,16,https://vival.casino.fr/fr/stores/e4975,47.7076095,-3.3549355999999997
Voyages Reunion,"1 Rue Jean Moulin, 56570 Locmiquélic, France",Port-Louis,02 62 38 41 69,non,"travel_agency,service,point_of_interest",,,,47.721566499999994,-3.3420468999999997
la gonneloise,"6 Grande Rue, 56290 Port-Louis, France",Port-Louis,02 97 82 57 71,non,"restaurant,point_of_interest,food",,,,47.707459,-3.3531991999999997
A&C Immobilier,"60 Rue Jean Jaurès, 56530 Quéven, France",Queven,06 62 19 97 28,non,"real_estate_agency,finance,point_of_interest",5,72,https://www.aetcimmo.fr/estimation.html?utm_source=gmb,47.7860468,-3.4160328
Agence Groupama Queven,"36 bis Rue Jean Jaurès, 56530 Quéven, France",Queven,02 97 05 28 08,non,"insurance_agency,bank,finance",4.6,11,https://agences.groupama.fr/assurance/loire-bretagne/agence-groupama-queven-idLBR58185?lm=fiche-etablissement-google_lbr_queven_page,47.7875823,-3.4160215
Agence Nestenn Immobilier Quéven,"55 Rue Jean Jaurès, 56530 Quéven, France",Queven,02 97 80 20 80,non,"real_estate_agency,consultant,finance",4.3,113,https://immobilier-queven.nestenn.com/,47.786770399999995,-3.4157077
Amplifon Audioprothésiste Quéven,"1 Rue de la Gare, 56530 Quéven, France",Queven,02 97 37 94 67,non,"electronics_store,store,point_of_interest",4.9,66,https://www.amplifon.com/fr/nous-trouver/audioprothesiste-qu%C3%A9ven/amplifon-queven-sa02?mci=FRORG1RMFLUYA00,47.7892884,-3.4157273999999997
Anadolu Grill,"57 BIS Rue Jean Jaurès, 56530 Quéven, France",Queven,09 53 08 84 66,non,"turkish_restaurant,restaurant,point_of_interest",4.1,154,,47.786255999999995,-3.415825
Attrap'Rêve,"0 Rue Lavoisier, 56530 Quéven, France",Queven,07 86 66 70 61,non,"florist,government_office,service",5,24,http://attrapreve.fr/,47.780053099999996,-3.4166029
BAC Concession XEROX (Bureautique Assistance Conseil),"ZA du Morillon, Rue Einstein, 56530 Quéven, France",Queven,02 97 87 98 11,non,"electronics_store,home_goods_store,service",5,8,http://www.bac56.fr/,47.781209999999994,-3.419361
Banque Populaire Grand Ouest,"22 Place de Toulouse, 56530 Quéven, France",Queven,02 72 96 10 30,non,"bank,atm,finance",4.5,24,https://www.banquepopulaire.fr/bpgo/,47.789029299999996,-3.4156546999999997
Bijouterie Gillmann,"21 Rue Jean Jaurès, 56530 Quéven, France",Queven,02 97 05 11 68,non,"jewelry_store,store,point_of_interest",4.8,78,,47.788502199999996,-3.4158720000000002
Bistrot Le Nemrod,"27 Rue Jean Jaurès, 56530 Quéven, France",Queven,02 97 05 06 59,non,"bar,cafe,point_of_interest",4.7,208,,47.7882509,-3.4158861999999997
Bougainvillée SARL,"2 Bis Pl. de la Ville de Toulouse, 56530 Quéven, France",Queven,02 97 05 36 98,non,"florist,store,point_of_interest",3.8,46,,47.788708199999995,-3.4155849
CECOREV,"30 Rue Lavoisier, 56530 Quéven, France",Queven,02 98 83 60 60,non,"hardware_store,building_materials_store,store",3.8,65,,47.780053099999996,-3.4166029
COUDVAN,"16 Rue Gérard Philipe, 56530 Quéven, France",Queven,07 68 09 73 48,non,"clothing_store,store,service",4.6,10,https://coudvan.fr/,47.781275199999996,-3.4059711
Centrale Alarme,"33 Rue Lavoisier, 56530 Quéven, France",Queven,02 97 05 37 37,non,"electronics_store,service,store",5,1,http://www.centrale-alarme-bretagne.fr/,47.7786871,-3.4165424
Chez Capucine,"30 Pl. de la Ville de Toulouse 8, 56530 Quéven, France",Queven,02 97 50 82 71,non,"florist,store,point_of_interest",5,12,https://www.instagram.com/chez.capucine_fleuriste/,47.7890802,-3.4156218999999997
Chez Florian,"19 Rue Jean Jaurès, 56530 Quéven, France",Queven,02 97 05 07 12,non,"hair_salon,barber_shop,hair_care",4.9,75,https://www.facebook.com/Chez-Florian-Coiffure-Homme-2367139053515581/,47.788595199999996,-3.4158839999999997
Chez Gino ( Queven ),"zone du mourillon, 6 Rue Lavoisier, 56530 Quéven, France",Queven,02 97 55 83 22,non,"restaurant,pizza_restaurant,meal_takeaway",4.1,151,,47.7798637,-3.4175826
Citroen ATLANTIC AUTO QUEVEN,"ROND POINT BEG RUNIO, 56530 Quéven, France",Queven,02 97 80 14 70,non,"car_dealer,store,point_of_interest",3.9,26,https://reseau.citroen.fr/reparateur-queven,47.7833064,-3.4145817
Coiff&Co - Coiffeur Queven,"Rue de Kerlebert, 56530 Quéven, France",Queven,02 97 35 11 38,non,"hair_salon,cosmetics_store,hair_care",4.1,142,https://www.coiffandco.com/salons/rue-de-kerlebert-56530-queven?utm_campaign=gbp_siteweb_F447&utm_id=gbp_siteweb&utm_medium=siteweb&utm_source=gbp,47.791215099999995,-3.4209332
Coiffeur Queven - BarberQueven,"12 Rue Julien Moello, 56530 Quéven, France",Queven,,non,"hair_salon,hair_care,service",,,,47.7876148,-3.417398
Coiffure mixte à domicile Fortin Nathalie,"le rustic, 6 Lieu dit, 56530 Quéven, France",Queven,02 97 05 16 58,non,"hair_salon,hair_care,service",,,,47.780090699999995,-3.4345277999999997
Comment Ksé ? Broc et Frip,"4 Rue Pierre Mendes France, 56530 Quéven, France",Queven,,non,"thrift_store,discount_store,furniture_store",4.6,58,,47.7812753,-3.411532
Conforama Lorient,"Rue de la Chartreuse, Rdpt de Keryado Z.I. de, 56100 Lorient, France",Queven,0 892 01 08 08,non,"furniture_store,home_improvement_store,home_goods_store",3.9,2422,https://www.conforama.fr/magasins-conforama/bretagne/lorient-750,47.7679531,-3.4055872999999997
Coup de Peigne,"2 Rue de la Gare, 56530 Quéven, France",Queven,02 97 05 03 83,non,"hair_salon,hair_care,service",4.8,13,,47.7891241,-3.4154856999999996
Crédit Maritime Grand Ouest,"22 Place de Toulouse, 56530 Quéven, France",Queven,02 72 96 10 30,non,"bank,finance,point_of_interest",5,3,https://www.banquepopulaire.fr/cmgo/,47.7890344,-3.4156500000000003
Crédit Mutuel de Bretagne QUEVEN,"28 Rue Jean Jaurès, 56530 Quéven, France",Queven,02 97 80 10 90,non,"bank,atm,insurance_agency",4.5,63,https://www.cmb.fr/reseau-bancaire-cooperatif/web/recherche-agence-credit-mutuel-de-bretagne/morbihan/queven/queven-56530,47.7880727,-3.4163121
Declic Micro Informatique,"2 bis Rue Dr Dieny, 56530 Quéven, France",Queven,02 97 05 04 04,non,"electronics_store,service,store",4.8,50,https://www.declicmicro.fr/,47.7887625,-3.4173644999999997
Dugué François,"19 Rue Jean Jaurès, 56530 Quéven, France",Queven,02 97 05 07 12,non,"hair_salon,hair_care,service",4.5,2,,47.788595199999996,-3.4158839999999997
EV&SENS - (ex Assistance Réceptions),"0 Rue Lavoisier, 56530 Quéven, France",Queven,02 97 05 10 10,non,"florist,service,store",4.8,72,http://www.evetsens.fr/,47.7787514,-3.4160603999999997
Ewigo Lorient,"17 Rue de la Cardonnière, 56100 Lorient, France",Queven,02 97 82 10 77,non,"car_dealer,store,point_of_interest",4.8,204,http://lorient-ewigo.com/,47.7698821,-3.3998401
FEUILLES ET FLEURS Quéven,"32 Rue Jean Jaurès, 56530 Quéven, France",Queven,02 97 65 04 44,non,"florist,store,point_of_interest",3.9,19,https://www.feuillesetfleurs.com/,47.787866099999995,-3.4161751999999996
Histoires de Filles | Magasin de vêtements Femme du 34 au 54 Queven-Lorient,"31 Rue Jean Jaurès, 56530 Quéven, France",Queven,02 97 05 02 47,non,"womens_clothing_store,clothing_store,store",4.8,31,http://histoires-de-filles-quéven.fr/,47.788018,-3.4159178
Human Immobilier Quéven,"29 Rue Jean Jaurès, 56530 Quéven, France",Queven,02 97 05 18 00,non,"real_estate_agency,consultant,finance",5,109,https://www.human-immobilier.fr/queven?utm_campaign=google_my_business_achat&utm_medium=seo&utm_source=google,47.7880855,-3.4158918999999996
Institut Guinot,"Centre Commercial Leclerc, 1 Rue de Kerlebert, 56530 Quéven, France",Queven,02 97 83 64 48,non,"beauty_salon,cosmetics_store,beautician",4.9,77,https://www.institut-queven.guinot.com/,47.790405,-3.4223695999999997
Kerlocation,"48 Rue Jean Jaurès, 56530 Quéven, France",Queven,02 97 05 40 21,non,"real_estate_agency,point_of_interest,service",5,1,,47.7868755,-3.4160672
L' Adresse Coiffure Quéven,"15 Imp. Victor Segalen, 56530 Quéven, France",Queven,06 51 40 47 28,non,"hair_salon,hair_care,service",5,14,https://www.instagram.com/l.adresse.coiffure/,47.7873441,-3.4257549999999997
LA PHARMACIE VERTE,"30 Rue Jean Jaurès, 56530 Quéven, France",Queven,02 97 05 07 10,non,"pharmacy,health_food_store,food_store",4.6,21,https://www.lapharmacie-verte.com/,47.787938,-3.4162630999999997
LE GLEUT AUTOMOBILES,"Rond Point de Runio, 56530 Quéven, France",Queven,02 97 80 14 80,non,"car_dealer,car_repair,store",4.2,402,http://www.legleut.com/,47.782803,-3.413645
La Banque Postale,"Pl. Pierre Quinio, 56530 Quéven, France",Queven,,non,"bank,atm,insurance_agency",5,1,https://www.labanquepostale.fr/particulier/localisation_bureau/resultat_localisation_bureau.detail.html/queven-561850.html,47.789736399999995,-3.4197199
La Banque Postale,"4 Pl. Colonel Muller PLACE DU, 56530 Gestel, France",Queven,,non,"bank,atm,insurance_agency",,,https://www.labanquepostale.fr/particulier/localisation_bureau/resultat_localisation_bureau.detail.html/gestel-560630.html,47.8039588,-3.4424834
La Boîte à Chaussures,"43 Rue Jean Jaurès, 56530 Quéven, France",Queven,02 97 30 79 04,non,"shoe_store,store,point_of_interest",5,5,https://www.facebook.com/pg/LaBoiteaChaussuresQueven/,47.787251499999996,-3.4158548
La Cucina Pizza,"59 Rue Jean Jaurès, 56530 Quéven, France",Queven,02 97 05 15 00,non,"meal_takeaway,grocery_store,food_store",4.5,187,https://fr-fr.facebook.com/La-Cucina-Pizza-287434758047602/,47.786162,-3.4157729999999997
La Dolce Vita,"22 Rue Jean Jaurès, 56530 Quéven, France",Queven,02 97 05 24 54,non,"pizza_restaurant,italian_restaurant,restaurant",4.5,398,https://ladolcevitaqueven.wixsite.com/website,47.7886538,-3.4162402000000003
La Place To Be,"1 Rue de Kerlebert, 56530 Quéven, France",Queven,09 73 88 49 52,non,"restaurant,bar,point_of_interest",4.1,16,,47.790445000000005,-3.422614
La Presse de Quéven,"3 Rue de la Gare, 56530 Quéven, France",Queven,02 97 05 05 81,non,"toy_store,gift_shop,service",4.4,229,,47.7893738,-3.4156627
Le Baratin,"5 Rue de la Gare, 56530 Quéven, France",Queven,02 97 05 23 17,non,"bar,point_of_interest,establishment",4.8,104,,47.7894047,-3.4153731
Le Jaurès,"52 Rue Jean Jaurès, 56530 Quéven, France",Queven,02 97 05 06 52,non,"bar,point_of_interest,establishment",4.1,152,,47.786585599999995,-3.4160128000000003
Le Salon - Quéven,"19 Rue Jean Jaurès, 56530 Quéven, France",Queven,02 97 05 10 84,non,"hair_salon,hair_care,service",4.8,94,https://www.facebook.com/lesalonqueven,47.788595199999996,-3.4158839999999997
Les freros Seb&Nico,"45 Rue Jean Jaurès, 56530 Quéven, France",Queven,02 97 05 04 68,non,"bakery,pastry_shop,dessert_shop",4.4,178,https://www.facebook.com/lesfrerosqueven/,47.7872494,-3.4158561
Louarn Intérieurs Cuisines et Agencements - Quéven,"Rue Blaise Pascal, 56530 Quéven, France",Queven,02 97 80 24 04,non,"furniture_store,home_improvement_store,home_goods_store",5,15,https://louarn-interieurs.com/,47.7792591,-3.4182745
Lucas Burgers Quéven,"59 Rue Jean Jaurès, 56530 Quéven, France",Queven,09 81 49 64 13,non,"restaurant,point_of_interest,food",4.8,251,https://menu.aisancecloud.fr/brand/lucasburger,47.786120399999994,-3.415667
Ludovic Bouillot - BSK Immobilier,"Ludovic Bouillot BSK IMMOBILIER, 56530 Quéven, France",Queven,06 64 41 75 96,non,"point_of_interest,real_estate_agency,service",5,3,https://www.monrdv-immo.fr/,47.7888868,-3.4160139999999997
MASTERS Quéven Camping-Cars,"Zone du Mourillon, 5 rue Georges Charpak, 56530 Quéven, France",Queven,02 97 05 12 44,non,"truck_dealer,car_dealer,store",4,312,http://www.masters-lorient.com/,47.781842399999995,-3.4239336999999996
MG COIFFURE,"8 Pl. de la Ville de Toulouse, 56530 Quéven, France",Queven,02 97 05 46 73,non,"hair_salon,hair_care,service",4.8,26,,47.789086999999995,-3.4156929999999996
MHAJ Immobilier,"41 Rue Jean Jaurès, 56530 Quéven, France",Queven,02 97 13 84 74,non,"real_estate_agency,point_of_interest,service",4.9,8,http://mhaj.fr/,47.7874002,-3.4157967
Ma belle occasion,"Rue Jules Verne, 56530 Quéven, France",Queven,06 16 17 79 93,non,"car_dealer,store,point_of_interest",4.9,50,,47.7797949,-3.4114495999999996
Magasin Vert QUEVEN,"9 kercoat, 56530 Quéven, France",Queven,02 97 05 32 41,non,"garden_center,deli,liquor_store",4.6,319,https://www.monmagasinvert.fr/magasin-jardinage-magasin-vert-queven-000255?utm_source=google&utm_medium=gmb&utm_campaign=queven,47.7805061,-3.4388457999999997
Monique Coiffure,"Place De La Mairie, 56530 Quéven, France",Queven,02 97 05 03 14,non,"hair_salon,hair_care,service",4,3,,47.789550299999995,-3.4194779
Nabizada56 auto,"Rue Jules Verne, 56530 Quéven, France",Queven,07 67 72 17 65,non,"car_dealer,auto_parts_store,car_repair",5,3,,47.7808962,-3.4138621
PEUGEOT QUEVEN AUTOMOBILES,"1 Rue Jean Jaurès, 56530 Quéven, France",Queven,02 97 05 09 42,non,"car_dealer,store,point_of_interest",4.7,189,http://www.peugeot-queven.fr/,47.7909244,-3.4148967999999997
PROLIANS CMB Lorient Quéven,"Z.A.C. du, 6667 Rue Einstein, 56530 Quéven, France",Queven,02 97 80 12 12,non,"home_improvement_store,hardware_store,home_goods_store",4,60,https://www.prolians.fr/?utm_source=GMB&utm_medium=organic,47.7827689,-3.4211467000000004
Pharmacie Charnal Queven,"10 Pl. de la Ville de Toulouse, 56530 Quéven, France",Queven,02 97 05 09 31,non,"pharmacy,health,store",4.9,30,http://www.pharmaciecharnal.com/,47.7892739,-3.4158777999999996
Photomaton,"Leclerc, Rue de Kerlebert, 56530 Quéven, France",Queven,09 70 82 32 46,non,"electronics_store,home_goods_store,service",4,1,https://www.photomaton.com/fr-fr/trouver-un-photomaton/l/queven/rue-de-kerlebert/56530001,47.7907957,-3.4220748999999997
Point Nickel - TABAC LE JAURES,"52 Rue Jean Jaurès, 56530 Quéven, France",Queven,,non,"atm,bank,finance",4,1,https://nickel.eu/fr/?utm_source=google&utm_medium=organic&utm_campaign=mybusiness&utm_content=94996432400014,47.786585599999995,-3.4160128000000003
Point Nickel - TABAC PRESSE DE QUEVEN,"3 Rue de la Gare, 56530 Quéven, France",Queven,,non,"atm,bank,finance",,,https://nickel.eu/fr/?utm_source=google&utm_medium=organic&utm_campaign=mybusiness&utm_content=75173451800044,47.7893573,-3.4156709999999997
Pro-Duo,"185 C Rue Colonel Jean Muller, 56100 Lorient, France",Queven,02 97 83 11 22,non,"cosmetics_store,clothing_store,supplier",4.2,77,https://www.pro-duo.fr/magasins/recherche?storequery=Lorient?utm_source=google&utm_medium=organic%20search&utm_campaign=yext,47.7680043,-3.4033761
Queven Immobilier Servia immobilier,"48 Rue Jean Jaurès, 56530 Quéven, France",Queven,02 97 05 40 21,non,"real_estate_agency,consultant,finance",4.3,33,https://www.servia-immobilier.bzh/,47.7868755,-3.4160672
Renault Minute,"56530 Quéven, France",Queven,,non,"car_dealer,store,point_of_interest",1,1,,47.7825129,-3.4134004
Restaurant Auberge An Douar,"La Croix du Mourillon, 56530 Quéven, France",Queven,02 97 05 14 27,non,"french_restaurant,restaurant,point_of_interest",4.6,609,,47.775630899999996,-3.4180123
SAS GARAGE LE GLEUT- Dacia-Dealer,"RPT BEG RUNIO, 56530 Quéven, France",Queven,02 97 80 14 80,non,"car_dealer,store,point_of_interest",5,4,https://www.dacia.fr/trouvez-votre-etablissement-dacia.html,47.7826993,-3.4136431999999997
STAM Audiovisuel,"ZA Du Mourillon, 6647 Rue Lavoisier, 56530 Quéven, France",Queven,02 97 83 44 45,non,"electronics_store,home_goods_store,service",5,1,https://stam-av.fr/,47.7798532,-3.4166773999999998
Simplicicar Lorient vente achat voiture moto d'occasion LLD estimation gratuite,"12 Rue Lavoisier, 56530 Quéven, France",Queven,02 97 59 83 77,non,"car_dealer,store,point_of_interest",5,41,https://www.simplicicar.com/,47.7794527,-3.4169182
Sonance Audition - Thibaut Derré et Naïs Le Bourhis - Audioprothésistes D.E.,"2 bis Pl. de la Ville de Toulouse, 56530 Quéven, France",Queven,02 97 89 27 24,non,"electronics_store,manufacturer,doctor",5,12,https://sonance-audition.fr/centre/audioprothesiste-queven/,47.7886556,-3.4156586
TYGLAD Conseil & Courtage,"ZAC du Mourillon, 3 Rue Lavoisier, 56530 Quéven, France",Queven,02 97 65 69 61,non,"insurance_agency,consultant,finance",5,14,http://tyglad.fr/,47.7803641,-3.4173172999999997
Ty Mam'Goz,"57 bis Rue Jean Jaurès, 56530 Quéven, France",Queven,07 49 09 04 64,non,"dessert_shop,confectionery,food_store",4.3,47,,47.7864386,-3.4157292
V. MANE Fils,"Zone Artisanale du Mourillon, Rue Einstein, 56530 Quéven, France",Queven,02 97 80 12 60,non,"manufacturer,clothing_store,store",4.2,14,http://www.mane.com/,47.7807677,-3.4215467
Vacances Bretonnes,"10 Rue des Tourterelles, 56530 Quéven, France",Queven,06 28 20 17 60,non,"travel_agency,point_of_interest,real_estate_agency",3.8,4,,47.7939535,-3.4087296
Villa Florale,"185 Rue Colonel Jean Muller, 56100 Lorient, France",Queven,02 97 89 39 98,non,"florist,store,point_of_interest",4.4,138,http://www.villaflorale.fr/,47.767788599999996,-3.40318
Évasion bretonne,"Rue de Kerlebert Galerie LECLERC, 56530 Quéven, France",Queven,06 15 12 45 97,non,"restaurant,point_of_interest,food",4.7,42,,47.7906456,-3.4218933999999996
Boulangerie Des Saveurs du Pains,"17 Pl. de la République, 56400 Auray, France",Auray,,oui,"bakery,food_store,store",5,1,https://www.dessaveursdepains.com/,47.6665407,-2.9838191
Carrefour Market Auray De Gaulle,"1 Av. du Général de Gaulle, 56400 Auray, France",Auray,02 97 24 03 96,oui,"supermarket,cosmetics_store,market",3.7,678,https://www.carrefour.fr/magasin/market-auray-de-gaulle,47.670910000000006,-2.9914199999999997
Crédit Agricole du Morbihan Auray Ville,"1 Rue Jean Marie Barre, 56400 Auray, France",Auray,02 97 24 07 26,oui,"bank,atm,business_center",3.6,36,https://www.credit-agricole.fr/ca-morbihan/particulier/agence/morbihan/auray-ville-36.html,47.667097,-2.9843555
Nocibé - AURAY,"35 Rue Jean Marie Barre, 56400 Auray, France",Auray,02 97 24 14 14,oui,"beauty_salon,cosmetics_store,clothing_store",4.1,380,https://www.nocibe.fr/fr/l/auray/parfumeries/02560234?utm_source=google&utm_medium=organic&utm_campaign=local,47.667685,-2.9851406
Boulangerie Pâtisserie Aux Délices de Caudan,"9 Rue des Écoles, 56850 Caudan, France",Caudan,02 97 78 28 90,oui,"bakery,pastry_shop,dessert_shop",4.2,64,https://www.facebook.com/Aux-D%C3%A9lices-De-Caudan-Boulangerie-P%C3%A2tisserie-278143676019111/,47.8098173,-3.3420319
Boulangerie Pâtisserie MM CAUDAN,"6471 Rue Pierre Loti Centre cial de, 56850 Caudan, France",Caudan,02 97 50 14 69,oui,"bakery,food_store,food",4.5,60,https://boulangerie-patisserie-mm-caudan.eatbu.com/,47.813873199999996,-3.3449459
Cache Cache,"228 Rue Andrei Sakharov, 56600 Lanester, France",Caudan,02 97 30 99 36,oui,"clothing_store,store,point_of_interest",4.1,39,https://www.cache-cache.fr/?utm_source=gmb,47.7773344,-3.340872
Caisse d'Epargne Caudan,"9 Rue de la Libération, 56850 Caudan, France",Caudan,02 57 90 00 27,oui,"bank,atm,insurance_agency",4.6,34,https://www.agences.caisse-epargne.fr/banque-assurance/caudan-id14445022327,47.8108113,-3.3410531999999997
Carrefour Contact,"2 Av. Simone Veil, 56850 Caudan, France",Caudan,02 97 05 70 54,oui,"supermarket,general_store,cosmetics_store",4.2,315,https://www.carrefour.fr/magasin/contact-caudan,47.8152508,-3.3430692
Crédit Agricole du Morbihan Caudan,"1 Av. Simone Veil, 56850 Caudan, France",Caudan,02 97 05 52 97,oui,"bank,atm,business_center",4.9,9,https://www.credit-agricole.fr/ca-morbihan/particulier/agence/morbihan/caudan-28.html?utm_source=gmb,47.8143186,-3.3431488999999996
Boulangerie Barbotin,"3 Rue Joseph Lena, 56520 Guidel, France",Guidel,02 97 65 32 37,oui,"bakery,sandwich_shop,pastry_shop",4.3,588,http://www.boulangeriebarbotin.fr/,47.7887239,-3.4888367999999996
Boulangerie LUCAS,"2 Pl. Louis le Montagner, 56520 Guidel, France",Guidel,02 97 84 93 72,oui,"bakery,pastry_shop,dessert_shop",4.2,52,,47.7917092,-3.4924814
"Boulangerie-Pâtisserie LUCAS Guidel, place Polignac.","10 Pl. de Polignac, 56520 Guidel, France",Guidel,02 97 65 01 39,oui,"bakery,food_store,store",3.9,63,,47.7892814,-3.4885272
Caisse d'Epargne Guidel,"2 Rue du Puits, 56520 Guidel, France",Guidel,02 57 90 00 30,oui,"bank,atm,insurance_agency",4.4,27,https://www.agences.caisse-epargne.fr/banque-assurance/guidel-id14445022322,47.7901561,-3.4887929
Carrefour Drive Piéton,"Rue du Bas Pouldu, 56520 Guidel, France",Guidel,,oui,"supermarket,grocery_store,food_store",,,,47.773364799999996,-3.5206993
Carrefour Express,"12 Pl. Jaffré, 56520 Guidel, France",Guidel,02 97 65 96 25,oui,"supermarket,fast_food_restaurant,general_store",4.5,29,https://www.carrefour.fr/magasin/express-guidel-jaffre,47.79054,-3.48846
Carrefour Express,"Lieudt, Pl. du Bas-Pouldu, 56520 Guidel, France",Guidel,02 97 78 83 97,oui,"supermarket,fast_food_restaurant,general_store",4.5,83,https://www.carrefour.fr/magasin/express-guidel-plages,47.771781,-3.525992
Crédit Agricole du Morbihan Guidel,"7 Pl. de Polignac, 56520 Guidel, France",Guidel,02 97 65 96 01,oui,"bank,business_center,atm",5,9,https://www.credit-agricole.fr/ca-morbihan/particulier/agence/morbihan/guidel-82.html?utm_source=gmb,47.7892492,-3.4882331
Lidl,"1 Les Cinq Chemins, 56520 Guidel, France",Guidel,01 88 24 70 70,oui,"supermarket,grocery_store,food_store",4.2,1222,https://www.lidl.fr/,47.79985,-3.4769799999999997
Super U et Drive,"Rue de Carrigaline, 56520 Guidel, France",Guidel,02 97 02 95 15,oui,"supermarket,catering_service,book_store",4,2757,https://www.coursesu.com/f-superu-guidel-informations,47.786471899999995,-3.4906934
Boulangerie Pâtisserie Chocolaterie Le Fournil,"28 Pl. Maréchal Foch, 56700 Hennebont, France",Hennebont,02 97 37 76 09,oui,"bakery,pastry_shop,dessert_shop",4.1,143,,47.805409999999995,-3.2766764
Boulangerie Pâtisserie Nath & Math,"Rue Trottier, 56700 Hennebont, France",Hennebont,02 97 12 49 18,oui,"bakery,food_store,store",3,43,,47.8054604,-3.2779901000000002
Caisse d'Epargne Hennebont,"2 Pl. Maréchal Foch, 56700 Hennebont, France",Hennebont,02 57 90 00 22,oui,"bank,atm,insurance_agency",4,91,https://www.agences.caisse-epargne.fr/banque-assurance/hennebont-id14445022311,47.8054886,-3.2772468
Carrefour City,"Centre commercial De Kerlivio, 56700 Hennebont, France",Hennebont,02 97 36 13 56,oui,"supermarket,fast_food_restaurant,general_store",4,121,https://www.carrefour.fr/magasin/city-hennebont,47.802659,-3.286478
LCL Banque et assurance,"5 Pl. du Général de Gaulle, 56700 Hennebont, France",Hennebont,02 97 89 49 01,oui,"bank,atm,insurance_agency",4.6,62,https://www.lcl.fr/,47.805067,-3.2769732
Boulangerie Pâtisserie Picaut Frédéric,"12 Rue de la Résistance, 56700 Hennebont, France",Inzinzac,02 97 36 07 76,oui,"bakery,chocolate_shop,sandwich_shop",4.5,174,https://www.google.com/search?client=firefox-b-d&q=boulangerie+p%C3%A2tisserie+picaut+fr%C3%A9d%C3%A9ric+hennebont,47.8249053,-3.248043
Boulangerie Rostren Philippe,"5 Rue du Blavet, 56650 Inzinzac-Lochrist, France",Inzinzac,02 97 36 06 07,oui,"bakery,food_store,food",4.3,101,,47.8273197,-3.249649
Bricomarché Hennebont,"17 Av. François Mitterrand, 56700 Hennebont, France",Inzinzac,02 97 85 02 03,oui,"building_materials_store,garden_center,furniture_store",4,802,https://www.bricomarche.com/magasin/hennebont/07830?store=07830&utm_source=gmb,47.809263099999995,-3.2615372
Carrefour Contact,"Rue Emile Zola, 56650 Inzinzac-Lochrist, France",Inzinzac,02 97 36 06 01,oui,"supermarket,fast_food_restaurant,general_store",3.6,175,https://www.carrefour.fr/magasin/contact-inzinzac-lochrist,47.825655,-3.2521796000000003
Carrefour Express,"21 Rue Trottier, 56700 Hennebont, France",Inzinzac,02 97 78 91 25,oui,"supermarket,fast_food_restaurant,general_store",4.2,204,https://www.carrefour.fr/magasin/express-hennebont-trottier,47.8048821,-3.2786060999999997
Crédit Agricole du Morbihan Inzinzac-Lochrist,"11 Rue Emile Zola, 56650 Inzinzac-Lochrist, France",Inzinzac,02 97 36 00 83,oui,"bank,atm,business_center",4.6,10,https://www.credit-agricole.fr/ca-morbihan/particulier/agence/morbihan/inzinzac-lochrist-45.html?utm_source=gmb,47.826122,-3.2512483999999997
E.Leclerc DRIVE Hennebont,"Rdpt du Quimpero, 56700 Hennebont, France",Inzinzac,02 97 36 39 26,oui,"supermarket,bakery,hypermarket",3.5,338,https://www.leclercdrive.fr/passerelle/passerelle.aspx?param=MAGASIN165611&vue=32,47.805855,-3.259377
E.Leclerc Espace Culturel,"La Gardeloupe, 56704 Hennebont Cedex, France",Inzinzac,02 97 36 55 55,oui,"book_store,service,store",4.1,1166,https://www.e.leclerc/mag/e-leclerc-hennebont,47.8000025,-3.2583990999999997
E.Leclerc Hennebont,"Zone de la Gardeloupe, Av. des Frères Lumière, 56704 Hennebont, France",Inzinzac,02 97 36 26 26,oui,"hypermarket,bakery,supermarket",3.9,4436,https://www.e.leclerc/mag/e-leclerc-hennebont,47.798290699999995,-3.2590309
E.Leclerc Occasion,"La Gardeloupe, 56700 Hennebont, France",Inzinzac,02 97 36 26 26,oui,"thrift_store,toy_store,discount_store",4.3,12,https://www.e.leclerc/mag/e-leclerc-hennebont,47.797634099999996,-3.2591628999999998
E.Leclerc Parapharmacie,"Zone de la Gardeloupe, Av. des Frères Lumière, 56700 Hennebont, France",Inzinzac,02 97 36 26 26,oui,"pharmacy,health,store",3.8,21,https://www.e.leclerc/mag/e-leclerc-hennebont,47.7984048,-3.2589253
Intermarché SUPER Hennebont,"11 Av. François Mitterrand, 56700 Hennebont, France",Inzinzac,02 97 85 02 02,oui,"supermarket,bakery,liquor_store",3.9,1184,https://www.intermarche.com/magasin?pdvref=07002&utm_source=gmb,47.8099542,-3.2622576999999997
Lidl,"Rue Nathalie le Mel, 56700 Hennebont, France",Inzinzac,01 88 24 70 70,oui,"supermarket,grocery_store,food_store",3.9,958,https://www.lidl.fr/,47.79962,-3.2610799999999998
Parfum de Fleurs Leclerc,"Gardeloupe, 56700 Hennebont, France",Inzinzac,07 45 85 41 28,oui,"florist,store,point_of_interest",4.3,11,https://www.instagram.com/leclercfleuriste.hennebont/,47.7981692,-3.2578225000000005
Agence ALTI (Alpha Location et Transaction Immobilière),"Centre ALPHA, 44 Avenue François Billoux, 44 Av. François Billoux, 56600 Lanester, France",Lanester,02 97 81 16 63,oui,"real_estate_agency,service,point_of_interest",3.7,58,http://www.agencealti.fr/,47.76226,-3.3483609999999997
Caisse d'Epargne Lanester M. Sembat,"76 Rue Marcel Sembat, 56600 Lanester, France",Lanester,02 57 90 00 26,oui,"bank,atm,insurance_agency",4.1,131,https://www.agences.caisse-epargne.fr/banque-assurance/lanester-m-sembat-id14445022325,47.765311499999996,-3.3451762
Carrefour City,"66 Av. Kesler Devillers, 56600 Lanester, France",Lanester,02 97 76 19 69,oui,"supermarket,fast_food_restaurant,general_store",4.2,288,https://www.carrefour.fr/magasin/city-lanester,47.7679742,-3.3431374999999997
Carrefour Drive Piéton,"66 Av. Kesler Devillers, 56600 Lanester, France",Lanester,,oui,"supermarket,grocery_store,food_store",,,,47.7677574,-3.3432288999999997
Carrefour Drive Piéton,"76 Av. du Général de Gaulle, 56100 Lorient, France",Lanester,09 80 98 09 86,oui,"supermarket,grocery_store,food_store",,,https://www.carrefour.fr/magasin/city-lorient-de-gaulle/drive,47.7624837,-3.3335394999999997
Crédit Agricole du Morbihan Lanester Jaurès,"164 bis Rue Jean Jaurès, 56600 Lanester, France",Lanester,02 97 76 57 64,oui,"bank,business_center,atm",4.3,102,https://www.credit-agricole.fr/ca-morbihan/particulier/agence/morbihan/lanester-jaures-89.html?utm_source=gmb,47.7697067,-3.3505523
DARTY Lorient,"Zone Commerciale Géant, 220 Rue Youri Gagarine, 56600 Lanester, France",Lanester,,oui,"electronics_store,home_goods_store,store",3.8,1300,https://magasin.darty.com/105-darty-lorient?utm_source=gmb,47.7739346,-3.3410441
E.Leclerc LANESTER,"1 Rue François Mauriac, 56600 Lanester, France",Lanester,02 97 76 98 76,oui,"hypermarket,bakery,supermarket",3.9,4697,https://e.leclerc/mag/e-leclerc-lanester,47.7657459,-3.3490078999999997
E.Leclerc Parapharmacie,"1 Rue François Mauriac, 56600 Lanester, France",Lanester,02 97 76 98 76,oui,"pharmacy,store,health",4.5,55,https://e.leclerc/mag/e-leclerc-lanester,47.7654784,-3.3486309
E.Leclerc Station Service,"1 Rue François Mauriac, 56600 Lanester, France",Lanester,02 97 76 98 76,oui,"gas_station,coffee_shop,cafe",3.9,258,https://e.leclerc/mag/e-leclerc-lanester,47.7652575,-3.3498349999999997
E.Leclerc TRAITEUR Lanester,"1 Rue François Mauriac, 56600 Lanester, France",Lanester,02 97 76 98 76,oui,"catering_service,butcher_shop,food_delivery",3.8,4,https://www-traiteur.leclercdrive.fr/passerelle/passerelle.aspx?param=MAGASIN225661&vue=32,47.76529,-3.3486309999999997
Picard,"rue du 19 mars 1962, de, zone commerciale, Rue de Kerrous, 56600 Lanester, France",Lanester,02 97 81 45 68,oui,"supermarket,grocery_store,food_store",4.5,212,https://magasins.picard.fr/457-picard-lanester?utm_source=gmb,47.7760963,-3.3397902999999998
Voyages E.Leclerc,"1 Rue François Mauriac, 56600 Lanester, France",Lanester,02 97 76 98 98,oui,"travel_agency,tour_agency,real_estate_agency",4.4,331,https://www.voyages.leclerc/?agency=096&utm_campaign=GMB_Lien_site&utm_source=GoogleMyBusiness,47.7657131,-3.3482
boulangerie Le Pont Doré,"1 Av. François Mitterrand, 56600 Lanester, France",Lanester,02 97 32 28 33,oui,"bakery,food_store,store",4.2,281,https://www.facebook.com/boulangerie.lepontdore/,47.767068099999996,-3.3382498999999997
AB Boulangerie Larmor,"13 Place Notre Dame, 56260 Larmor-Plage, France",Larmor-Plage,02 97 33 60 58,oui,"bakery,food_store,store",4.4,179,https://www.facebook.com/abboulangerieaufournildelarmor,47.7059943,-3.3823826
Caisse d'Epargne Larmor-Plage,"6 Place Notre Dame, 56260 Larmor-Plage, France",Larmor-Plage,02 57 90 00 31,oui,"bank,atm,insurance_agency",4.6,21,https://www.agences.caisse-epargne.fr/banque-assurance/larmor-plage-id14445022323,47.7061581,-3.3822237
Crédit Agricole du Morbihan Larmor Plage,"1 Av. de la Plage, 56260 Larmor-Plage, France",Larmor-Plage,02 97 65 46 72,oui,"bank,atm,business_center",4.4,12,https://www.credit-agricole.fr/ca-morbihan/particulier/agence/morbihan/larmor-plage-81.html?utm_source=gmb,47.7053644,-3.3833975
E.Leclerc DRIVE Larmor-Plage,"56260 Larmor-Plage, France",Larmor-Plage,02 97 37 60 33,oui,"supermarket,bakery,hypermarket",3.6,1793,https://www.leclercdrive.fr/passerelle/passerelle.aspx?param=MAGASIN205601&vue=32,47.728333,-3.382778
E.Leclerc LARMOR PLAGE,"CENTRE COMMERCIAL DE QUELISOY 29, 56260 Larmor-Plage, France",Larmor-Plage,02 97 37 60 33,oui,"supermarket,bakery,market",3.8,1319,https://e.leclerc/mag/e-leclerc-larmor-plage,47.7279438,-3.3830039999999997
E.Leclerc Sports,"ZA de, 56260 Larmor-Plage, France",Larmor-Plage,02 97 37 60 33,oui,"sportswear_store,bicycle_store,clothing_store",3.9,46,https://e.leclerc/mag/e-leclerc-larmor-plage,47.725432,-3.3849356999999998
Intermarché HYPER Lorient,"c, 60 Rue Monistrol, 56100 Lorient, France",Larmor-Plage,02 97 88 04 00,oui,"hypermarket,bakery,supermarket",3.8,507,https://www.intermarche.com/magasin?pdvref=10873&utm_source=gmb,47.734604499999996,-3.3829951
"Boulangerie Pâtisserie ""Au Fournil du Scorff""","2 Bd de Normandie, 56100 Lorient, France",Lorient-Merville,02 97 56 89 45,oui,"bakery,food_store,store",4.4,357,,47.7596536,-3.3663103
Caisse d'Epargne Agence du Quotidien Lorient,"9 Rue Paul Guieysse, 56100 Lorient, France",Lorient-Merville,02 57 90 00 21,oui,"bank,insurance_agency,health",4.5,10,https://www.agences.caisse-epargne.fr/banque-assurance/agence-du-quotidien-lorient-id14445022303,47.756992399999994,-3.3653716
Carrefour City,"26 Bd Maréchal Joffre, 56100 Lorient, France",Lorient-Merville,02 97 85 93 57,oui,"supermarket,general_store,cosmetics_store",3.9,69,https://www.carrefour.fr/magasin/lorient-joffre,47.752830499999995,-3.3621966
Carrefour City,"2 Rue Hector Berlioz, 56100 Lorient, France",Lorient-Merville,,oui,"supermarket,general_store,cosmetics_store",4.4,25,https://www.carrefour.fr/magasin/city-lorient-berlioz,47.76347,-3.3785700000000003
Carrefour Drive Lorient,"5-7 Bd Cosmao Dumanoir, 56100 Lorient, France",Lorient-Merville,09 80 98 09 86,oui,"supermarket,grocery_store,food_store",,,https://www.carrefour.fr/magasin/market-lorient/drive,47.754745400000004,-3.3649449
Carrefour Express,"15 Rue Paul Guieysse, 56100 Lorient, France",Lorient-Merville,02 97 24 65 69,oui,"supermarket,general_store,cosmetics_store",3.6,45,https://www.carrefour.fr/magasin/express-lorient-guieysse,47.7571582,-3.3660227
Carrefour Express,"8 Rue de Belgique, 56100 Lorient, France",Lorient-Merville,02 97 84 95 15,oui,"supermarket,general_store,cosmetics_store",4.4,132,https://www.carrefour.fr/magasin/express-lorient-belgique,47.758021799999995,-3.3758551
Carrefour Market Lorient,"5 Bd Cosmao Dumanoir, 56100 Lorient, France",Lorient-Merville,02 97 21 25 00,oui,"supermarket,cosmetics_store,bakery",3.6,629,https://www.carrefour.fr/magasin/market-lorient,47.75465,-3.36524
Lidl,"16 Bd du Scorff, 56100 Lorient, France",Lorient-Merville,01 88 24 70 70,oui,"supermarket,grocery_store,food_store",3.7,1119,https://www.lidl.fr/,47.761489999999995,-3.36637
"Boulangerie Pâtisserie ""La Fournee""","8 Bd Emmanuel Svob, 56100 Lorient, France",Lorient-centre,02 97 64 10 08,oui,"bakery,sandwich_shop,pastry_shop",4.2,182,,47.750187,-3.367187
Carrefour City,"2 Av. Anatole France, 56100 Lorient, France",Lorient-centre,02 97 35 12 83,oui,"supermarket,cosmetics_store,general_store",3.8,300,https://www.carrefour.fr/magasin/city-lorient-anatole-france,47.7464575,-3.3663198
Carrefour City,"28 Rue Auguste Nayel, 56100 Lorient, France",Lorient-centre,02 97 80 86 27,oui,"supermarket,cosmetics_store,general_store",3.8,96,https://www.carrefour.fr/magasin/city-lorient-nayel,47.7476851,-3.3633827999999997
Carrefour City,"53 Bd Léon Blum, 56100 Lorient, France",Lorient-centre,02 97 35 34 33,oui,"supermarket,cosmetics_store,general_store",3.9,227,https://www.carrefour.fr/magasin/city-lorient-blum,47.7487693,-3.3743643999999997
Carrefour Drive Piéton,"53 Bd Léon Blum, 56100 Lorient, France",Lorient-centre,,oui,"supermarket,grocery_store,food_store",,,,47.7487687,-3.374403
FNAC Lorient,"9 Pl. Aristide Briand, 56100 Lorient, France",Lorient-centre,0 825 02 00 20,oui,"department_store,cell_phone_store,book_store",4.1,4691,https://www.fnac.com/Lorient/Fnac-Lorient/cl91/w-4?utm_source=gmb,47.7482553,-3.3637207
FONCIA | Agence Immobilière | Achat-Vente | Lorient | Boulevard du Général Leclerc,"10 Bd du Général Leclerc, 56100 Lorient, France",Lorient-centre,02 21 83 19 94,oui,"real_estate_agency,consultant,finance",4.3,44,https://fr.foncia.com/agence-immobiliere/lorient-56100/agence-immobiliere/foncia-transaction-lorient-leclerc-3524,47.749741300000004,-3.3665021
McDonald's,"7 Av. du Faouédic, 56100 Lorient, France",Lorient-centre,02 97 21 59 59,oui,"fast_food_restaurant,sandwich_shop,hamburger_restaurant",3,2637,http://www.restaurants.mcdonalds.fr/mcdonalds-lorient-centre,47.7477965,-3.3644684999999996
Subway,"4 Av. du Faouédic, 56100 Lorient, France",Lorient-centre,02 90 61 73 42,oui,"sandwich_shop,fast_food_restaurant,meal_takeaway",3.8,485,https://restaurants.subwayfrance.fr/fr/bretagne/morbihan/lorient/subway-lorient-272,47.748283,-3.3646719999999997
BNP Paribas - Ploemeur,"13 Rue Saint-Bieuzy, 56270 Ploemeur, France",Ploemeur,02 97 86 43 03,oui,"bank,atm,insurance_agency",4.9,66,https://nos-agences.mabanque.bnpparibas/bretagne/morbihan/ploemeur/agence-ploemeur-1357,47.7356665,-3.4290429
Boulangerie LUCAS,"18 Pl. de l'Église, 56270 Ploemeur, France",Ploemeur,09 60 16 48 71,oui,"bakery,food_store,store",3.9,18,,47.7363007,-3.4284733
Caisse d'Epargne Ploemeur,"Centre Commercial, 56270 Ploemeur, France",Ploemeur,02 57 90 00 25,oui,"bank,atm,insurance_agency",4.6,86,https://www.agences.caisse-epargne.fr/banque-assurance/ploemeur-id14445022321,47.7334903,-3.4284193
Carrefour Drive Ploemeur,"Place De Bretagne, 1 Rue de Kervam, 56270 Ploemeur, France",Ploemeur,09 80 98 09 86,oui,"supermarket,grocery_store,food_store",4.1,67,https://www.carrefour.fr/magasin/market-ploemeur/drive,47.7334523,-3.4285707999999997
Carrefour Traiteur,"Rue de Bretagne, 56270 Ploemeur, France",Ploemeur,02 97 86 32 40,oui,"catering_service,pastry_shop,bakery",,,https://traiteur.carrefour.fr/,47.733463,-3.428525
Crédit Agricole du Morbihan Ploemeur,"10 Rue Saint-Bieuzy rue De, 56270 Ploemeur, France",Ploemeur,02 97 86 73 61,oui,"bank,business_center,atm",4.1,41,https://www.credit-agricole.fr/ca-morbihan/particulier/agence/morbihan/ploemeur-93.html?utm_source=gmb,47.7354507,-3.4289516
Geraldine Maillot - Artisan Tapissier,"20 Imp. Enfantine, 56100 Lorient, France",Ploemeur,06 78 78 98 04,oui,"furniture_store,home_improvement_store,home_goods_store",5,7,https://geraldinemaillot.fr/,47.742017999999995,-3.3910812999999997
Lidl,"40 Rue Saint-Bieuzy, 56270 Ploemeur, France",Ploemeur,01 88 24 70 70,oui,"supermarket,grocery_store,food_store",4.2,740,https://www.lidl.fr/,47.734247599999996,-3.4301806999999997
Caisse d'Epargne Plouay,"Pl. du Marché, 56240 Plouay, France",Plouay,02 57 90 00 29,oui,"bank,atm,insurance_agency",4.2,45,https://www.agences.caisse-epargne.fr/banque-assurance/plouay-id14445022317,47.9144696,-3.3336419
Carrefour Drive Plouay,"Rue de Creis er Prat, 56240 Plouay, France",Plouay,09 80 98 09 86,oui,"supermarket,grocery_store,food_store",4.1,73,https://www.carrefour.fr/magasin/market-plouay/drive,47.9184446,-3.3338050999999997
Crédit Agricole du Morbihan Plouay,"3 Pl. de la Mairie, 56240 Plouay, France",Plouay,02 97 33 35 64,oui,"bank,atm,business_center",4.4,22,https://www.credit-agricole.fr/ca-morbihan/particulier/agence/morbihan/plouay-41.html?utm_source=gmb,47.9154901,-3.3349588999999997
Intermarché CONTACT Plouay,"Rue de Kerganic, 56240 Plouay, France",Plouay,02 97 33 00 00,oui,"supermarket,fast_food_restaurant,grocery_store",4.5,90,https://www.intermarche.com/magasin?pdvref=11602&utm_source=gmb,47.9105785,-3.338583
Boulangerie Porzh Louis,"9 Grande Rue, 56290 Port-Louis, France",Port-Louis,09 87 34 37 84,oui,"bakery,food_store,store",4.4,76,,47.707180699999995,-3.3537820999999997
Caisse d'Epargne Locmiquelic,"40 Rte de Port-Louis, 56570 Locmiquélic, France",Port-Louis,02 57 90 00 32,oui,"bank,atm,insurance_agency",4.7,62,https://www.agences.caisse-epargne.fr/banque-assurance/locmiquelic-id14445022326,47.7193846,-3.3358746
E.Leclerc DRIVE Riantec,"Lann Er Velin, 56750 Riantec, France",Port-Louis,02 97 11 29 15,oui,"supermarket,bakery,hypermarket",4.1,1380,https://www.leclercdrive.fr/passerelle/passerelle.aspx?param=MAGASIN245601&vue=32,47.726306,-3.323021
E.Leclerc RIANTEC,"Lann Er Velin, 56670 Riantec, France",Port-Louis,02 97 11 29 15,oui,"hypermarket,bakery,supermarket",4.2,1969,https://e.leclerc/mag/e-leclerc-riantec,47.7271943,-3.3197791999999997
Intermarché SUPER Riantec,"Bellevue du Loch, 56670 Riantec, France",Port-Louis,02 97 33 97 00,oui,"supermarket,bakery,liquor_store",4.1,1066,https://www.intermarche.com/magasin?pdvref=07898&utm_source=gmb,47.718596899999994,-3.3342644999999997
Lidl,"781 Route Départementale, 56570 Locmiquélic, France",Port-Louis,01 88 24 70 70,oui,"supermarket,grocery_store,food_store",4.1,808,https://www.lidl.fr/,47.726099999999995,-3.3245500000000003
Boulanger Lorient,"Zone de Kérulvé - C.Cial Carrefour, 17 Rue de l'Étang, 56100 Lorient, France",Queven,09 69 32 32 23,oui,"electronics_store,home_goods_store,service",4.1,2575,https://www.boulanger.com/magasins/bretagne/morbihan/lorient/17-rue-de-l-etang,47.7693413,-3.3966859
Boulangerie Loïc&Jean,"33 Rue Jean Jaurès, 56530 Quéven, France",Queven,02 97 05 08 76,oui,"bakery,food_store,store",4.5,128,,47.787938,-3.4159178999999997
Boulangerie Pâtisserie JOUET,"12 Rue de la Gare, 56530 Quéven, France",Queven,02 97 05 32 98,oui,"bakery,food_store,store",4.9,94,https://www.facebook.com/profile.php?id=100090568355804,47.789637299999995,-3.4141114999999997
Caisse d'Epargne Queven,"46 Rue Jean Jaurès, 56530 Quéven, France",Queven,02 57 90 00 28,oui,"bank,atm,insurance_agency",4.7,91,https://www.agences.caisse-epargne.fr/banque-assurance/queven-id14445022304,47.786951099999996,-3.4161196
Carrefour Express,"36 Rue Jean Jaurès, 56530 Quéven, France",Queven,09 54 98 07 12,oui,"supermarket,general_store,fast_food_restaurant",4.2,115,https://www.carrefour.fr/magasin/express-queven,47.787663699999996,-3.4161664999999997
Crédit Agricole du Morbihan Queven,"26 bis Rue Jean Jaurès, 56530 Quéven, France",Queven,02 97 05 04 92,oui,"bank,atm,business_center",4.7,27,https://www.credit-agricole.fr/ca-morbihan/particulier/agence/morbihan/queven-27.html?utm_source=gmb,47.7882945,-3.4161246
E.Leclerc DRIVE Quéven,"Rue de Kerlebert, 56530 Quéven, France",Queven,02 97 80 13 13,oui,"supermarket,hypermarket,food_delivery",4.1,328,https://www.leclercdrive.fr/passerelle/passerelle.aspx?param=MAGASIN235601&vue=32,47.790352999999996,-3.422479
E.Leclerc Espace Culturel,"Pl. Pierre Quinio, 56530 Quéven, France",Queven,02 97 80 13 20,oui,"book_store,service,store",4,344,https://e.leclerc/mag/e-leclerc-queven,47.789373399999995,-3.4205791
E.Leclerc QUEVEN,"Rue de Kerlebert, 56530 Quéven, France",Queven,02 97 80 13 13,oui,"hypermarket,supermarket,grocery_store",4,2163,https://e.leclerc/mag/e-leclerc-queven,47.7907957,-3.4220748999999997
E.Leclerc Sports,"Pl. Pierre Quinio, 56530 Quéven, France",Queven,02 97 80 13 20,oui,"sportswear_store,bicycle_store,clothing_store",4.1,156,https://e.leclerc/mag/e-leclerc-queven,47.789699,-3.4201720000000004
E.Leclerc Station Service,"Rue de Kerlebert, 56530 Quéven, France",Queven,02 97 80 13 13,oui,"gas_station,coffee_shop,cafe",4.2,136,https://e.leclerc/mag/e-leclerc-queven,47.789899399999996,-3.4215229
E.Leclerc TRAITEUR Queven,"Rue de Kerlebert, 56530 Quéven, France",Queven,02 97 80 13 05,oui,"catering_service,butcher_shop,food_delivery",,,https://www-traiteur.leclercdrive.fr/passerelle/passerelle.aspx?param=MAGASIN235661&vue=32,47.789642,-3.421369
E.Leclerc Voyages,"Rue de Kerlebert, 56530 Quéven, France",Queven,02 97 80 13 13,oui,"travel_agency,tour_agency,point_of_interest",5,28,https://www.voyages.leclerc/?agency=276&utm_campaign=GMB_Lien_site&utm_source=GoogleMyBusiness,47.7910536,-3.4219728000000003
Leroy Merlin Quéven - Lorient,"Zone d'Activité, Le Mourillon, 56530 Quéven, France",Queven,02 97 80 10 50,oui,"hardware_store,furniture_store,home_improvement_store",4,4363,https://www.leroymerlin.fr/magasins/queven-lorient.html,47.7784554,-3.4224083
Pharmacie des Arméries | Pharmacie Leclerc Queven,"centre commercial leclerc, 1 Rue de Kerlebert, 56530 Quéven, France",Queven,02 97 35 06 58,oui,"pharmacy,health,store",4,31,https://pharmaciedesarmeries.mesoigner.fr/,47.790445000000005,-3.422614
